workload,rate,seed,cond,cycle,timestamp,current_peak_kvpr,best_peak_kvpr,delta_r,residency_colocated
steady,8,3,steady_r8_s3,1,1787644873.4264538,4.183901287354608e-05,3.8033946792297686e-05,3.805066081248392e-06,False
steady,8,3,steady_r8_s3,2,1787644878.4444265,0.0038064833955754594,0.0038064833955754594,0.0,False
steady,8,3,steady_r8_s3,3,1787644883.4528017,0.010383060130589988,0.010383060130589988,0.0,False
steady,8,3,steady_r8_s3,4,1787644888.459141,0.015292071892268387,0.015292071892268387,0.0,False
steady,8,3,steady_r8_s3,5,1787644893.4686756,0.02203818786936832,0.02203818786936832,0.0,False
steady,8,3,steady_r8_s3,6,1787644898.479191,0.029294563302646886,0.029294563302646886,0.0,False
steady,8,3,steady_r8_s3,7,1787644903.5025663,0.0361722973319384,0.0361722973319384,0.0,False
steady,8,3,steady_r8_s3,8,1787644908.5148063,0.0459870778236903,0.0459870778236903,0.0,False
steady,8,3,steady_r8_s3,9,1787644913.5246751,0.04956255538662357,0.04956255538662357,0.0,False
steady,8,3,steady_r8_s3,10,1787644918.539075,0.05421044411877275,0.05421044411877275,0.0,False
steady,8,3,steady_r8_s3,11,1787644923.6024194,0.05995728769883082,0.05995728769883082,0.0,False
steady,8,3,steady_r8_s3,12,1787644928.6573205,0.06360616498507334,0.06360616498507334,0.0,False
steady,8,3,steady_r8_s3,13,1787644933.6735163,0.07098131208618219,0.07098131208618219,0.0,False
steady,8,3,steady_r8_s3,14,1787644938.690201,0.07222651428994882,0.07222651428994882,0.0,False
steady,8,3,steady_r8_s3,15,1787644943.706301,0.07243290134689943,0.07243290134689943,0.0,False
steady,8,3,steady_r8_s3,16,1787644948.7258914,0.0722113329821043,0.0722113329821043,0.0,False
steady,8,3,steady_r8_s3,17,1787644953.7559426,0.0730034230464784,0.0730034230464784,0.0,False
steady,8,3,steady_r8_s3,18,1787644958.7724078,0.06972294201520983,0.06972294201520983,0.0,False
steady,8,3,steady_r8_s3,19,1787644963.7960253,0.0699885491662208,0.0699885491662208,0.0,False
steady,8,3,steady_r8_s3,20,1787644968.8148756,0.06561707552787976,0.06561707552787976,0.0,False
steady,8,3,steady_r8_s3,21,1787644973.832616,0.06831950500647906,0.06831950500647906,0.0,False
steady,8,3,steady_r8_s3,22,1787644978.8892367,0.06730618810894412,0.06730618810894412,0.0,False
steady,8,3,steady_r8_s3,23,1787644983.9099116,0.0667762384843308,0.0667762384843308,0.0,False
steady,8,3,steady_r8_s3,24,1787644988.9305584,0.0663577923335016,0.0663577923335016,0.0,False
steady,8,3,steady_r8_s3,25,1787644993.9565852,0.06654756469334501,0.06654756469334501,0.0,False
steady,8,3,steady_r8_s3,26,1787644998.99449,0.06731099386646698,0.06731099386646698,0.0,False
steady,8,3,steady_r8_s3,27,1787645004.0147028,0.06712386546208268,0.06712386546208268,0.0,False
steady,8,3,steady_r8_s3,28,1787645009.0360591,0.0654492730595702,0.0654492730595702,0.0,False
steady,8,3,steady_r8_s3,29,1787645014.0586524,0.06698205713003824,0.06698205713003824,0.0,False
steady,8,3,steady_r8_s3,30,1787645019.0839949,0.06742883082100239,0.06742883082100239,0.0,False
steady,8,3,steady_r8_s3,31,1787645024.1490006,0.07161600775347962,0.07161600775347962,0.0,False
steady,8,3,steady_r8_s3,32,1787645029.2162952,0.07477537673817672,0.07477537673817672,0.0,False
steady,8,3,steady_r8_s3,33,1787645034.243749,0.07098320419296555,0.07098320419296555,0.0,False
steady,8,3,steady_r8_s3,34,1787645039.271895,0.07017342144903883,0.07017342144903883,0.0,False
steady,8,3,steady_r8_s3,35,1787645044.3029115,0.07132763247809383,0.07132763247809383,0.0,False
steady,8,3,steady_r8_s3,36,1787645049.363691,0.07112948137730313,0.07112948137730313,0.0,False
steady,8,3,steady_r8_s3,37,1787645054.3934865,0.06938308363100118,0.06938308363100118,0.0,False
steady,8,3,steady_r8_s3,38,1787645059.4189858,0.06793908389077255,0.06793908389077255,0.0,False
steady,8,3,steady_r8_s3,39,1787645064.4625309,0.06646638284731157,0.06646638284731157,0.0,False
steady,8,3,steady_r8_s3,40,1787645069.488971,0.06553593890226522,0.06553593890226522,0.0,False
steady,8,3,steady_r8_s3,41,1787645074.5191672,0.06462778955784106,0.06462778955784106,0.0,False
steady,8,3,steady_r8_s3,42,1787645079.5579834,0.06314237051113472,0.06314237051113472,0.0,False
steady,8,3,steady_r8_s3,43,1787645084.608128,0.06229057256889752,0.06229057256889752,0.0,False
steady,8,3,steady_r8_s3,44,1787645089.6400871,0.060420669313733036,0.060420669313733036,0.0,False
steady,8,3,steady_r8_s3,45,1787645094.680455,0.06290199386883906,0.06290199386883906,0.0,False
steady,8,3,steady_r8_s3,46,1787645099.7406085,0.06659590091641954,0.06659590091641954,0.0,False
steady,8,3,steady_r8_s3,47,1787645104.7761767,0.06680180391239723,0.06680180391239723,0.0,False
steady,8,3,steady_r8_s3,48,1787645109.809077,0.07046328032485821,0.07046328032485821,0.0,False
steady,8,3,steady_r8_s3,49,1787645114.8549888,0.06997245225113972,0.06997245225113972,0.0,False
steady,8,3,steady_r8_s3,50,1787645119.9058278,0.07082273475831295,0.07082273475831297,0.0,False
steady,8,3,steady_r8_s3,51,1787645124.9609497,0.0721213661109149,0.0721213661109149,0.0,False
steady,8,3,steady_r8_s3,52,1787645130.000603,0.07514619286031299,0.07514619286031299,0.0,False
steady,8,3,steady_r8_s3,53,1787645135.0405345,0.07330031193606262,0.07330031193606261,1.3877787807814457e-17,False
steady,8,3,steady_r8_s3,54,1787645140.0857964,0.07672356446771585,0.07580946746063595,0.0009140970070798948,False
steady,8,3,steady_r8_s3,55,1787645145.1237783,0.08017054580317787,0.07245875825458052,0.007711787548597346,False
steady,8,3,steady_r8_s3,56,1787645150.3973985,0.06969883020366023,0.06969883020366023,0.0,False
steady,8,3,steady_r8_s3,57,1787645155.440273,0.06900622879125932,0.06900622879125932,0.0,False
steady,8,3,steady_r8_s3,58,1787645160.4820557,0.06947160060158013,0.06947160060158013,0.0,False
steady,8,3,steady_r8_s3,59,1787645165.5265405,0.06945384392334622,0.06945384392334622,0.0,False
steady,8,3,steady_r8_s3,60,1787645170.5808167,0.07187557375302951,0.07187557375302951,0.0,False
steady,8,3,steady_r8_s3,61,1787645175.629582,0.07811629764599093,0.07811629764599093,0.0,False
steady,8,3,steady_r8_s3,62,1787645180.676886,0.08163401593332205,0.08163401593332205,0.0,False
steady,8,3,steady_r8_s3,63,1787645185.7228923,0.08593156423898102,0.08593156423898102,0.0,False
steady,8,3,steady_r8_s3,64,1787645190.770838,0.0869680171000297,0.0869680171000297,0.0,False
steady,8,3,steady_r8_s3,65,1787645195.845171,0.085929174633434,0.085929174633434,0.0,False
steady,8,3,steady_r8_s3,66,1787645200.892197,0.0888990284393117,0.0888990284393117,0.0,False
steady,8,3,steady_r8_s3,67,1787645206.247359,0.08862092328736754,0.08862092328736754,0.0,False
steady,8,3,steady_r8_s3,68,1787645211.2975254,0.0870947799395989,0.0870947799395989,0.0,False
steady,8,3,steady_r8_s3,69,1787645216.3455782,0.08342898936023728,0.08342898936023728,0.0,False
steady,8,3,steady_r8_s3,70,1787645221.3962853,0.0843520002226046,0.0843520002226046,0.0,False
steady,8,3,steady_r8_s3,71,1787645226.4480407,0.08384098256289595,0.08384098256289595,0.0,False
steady,8,3,steady_r8_s3,72,1787645231.5019367,0.08233611993549264,0.08233611993549264,0.0,False
steady,8,3,steady_r8_s3,73,1787645236.5554056,0.08747228921686553,0.08747228921686553,0.0,False
steady,8,3,steady_r8_s3,74,1787645241.6059926,0.08646478743434495,0.08646478743434495,0.0,False
steady,8,3,steady_r8_s3,75,1787645246.697543,0.08599085267630346,0.08599085267630346,0.0,False
steady,8,3,steady_r8_s3,76,1787645251.7593186,0.08197561041859637,0.08197561041859637,0.0,False
steady,8,3,steady_r8_s3,77,1787645256.8215609,0.08154136461157764,0.08154136461157764,0.0,False
steady,8,3,steady_r8_s3,78,1787645261.8811715,0.07875934938932057,0.07875934938932057,0.0,False
steady,8,3,steady_r8_s3,79,1787645266.9676845,0.07999217011444146,0.07999217011444146,0.0,False
steady,8,3,steady_r8_s3,80,1787645272.3176394,0.07551301869050274,0.07551301869050274,0.0,False
steady,8,3,steady_r8_s3,81,1787645277.3946128,0.07580657465969194,0.07580657465969194,0.0,False
steady,8,3,steady_r8_s3,82,1787645282.453263,0.07392115708515137,0.07392115708515137,0.0,False
steady,8,3,steady_r8_s3,83,1787645287.5125728,0.07405734814283733,0.07405734814283733,0.0,False
steady,8,3,steady_r8_s3,84,1787645292.5817783,0.07217797541454476,0.07217797541454476,0.0,False
steady,8,3,steady_r8_s3,85,1787645297.6386228,0.06709607460419517,0.06709607460419517,0.0,False
steady,8,3,steady_r8_s3,86,1787645302.722034,0.06186588798304838,0.06186588798304838,0.0,False
steady,8,4,steady_r8_s4,1,1787646079.3656638,2.6775235651816715e-05,1.911879775455838e-05,7.656437897258336e-06,False
steady,8,4,steady_r8_s4,2,1787646084.3727486,0.004212946191988212,0.002846508001425315,0.0013664381905628973,False
steady,8,4,steady_r8_s4,3,1787646090.5736876,0.007014247531443938,0.007014247531443938,0.0,True
steady,8,4,steady_r8_s4,4,1787646095.5849433,0.016468932693006335,0.01290027198253131,0.0035686607104750256,True
steady,8,4,steady_r8_s4,5,1787646100.5939307,0.022921043719382243,0.018552553381833852,0.004368490337548391,True
steady,8,4,steady_r8_s4,6,1787646105.6124427,0.03245629888812051,0.025345410147669806,0.0071108887404507035,True
steady,8,4,steady_r8_s4,7,1787646110.6411939,0.04224212025338161,0.032735210676980715,0.009506909576400893,True
steady,8,4,steady_r8_s4,8,1787646115.6515577,0.051974837806568655,0.04048296657986871,0.011491871226699944,True
steady,8,4,steady_r8_s4,9,1787646120.6587257,0.04613337128429057,0.04613337128429057,0.0,True
steady,8,4,steady_r8_s4,10,1787646125.681907,0.054024193817262006,0.054024193817262006,0.0,True
steady,8,4,steady_r8_s4,11,1787646130.6943793,0.062134879336161485,0.062134879336161485,0.0,True
steady,8,4,steady_r8_s4,12,1787646135.7063649,0.06812951558295513,0.06812951558295513,0.0,True
steady,8,4,steady_r8_s4,13,1787646140.7198682,0.07371274021144857,0.07371274021144857,0.0,True
steady,8,4,steady_r8_s4,14,1787646145.7340195,0.08113093693962664,0.08113093693962664,0.0,True
steady,8,4,steady_r8_s4,15,1787646150.7719843,0.08401725196572578,0.08401725196572578,0.0,True
steady,8,4,steady_r8_s4,16,1787646155.8042285,0.08170676319746388,0.08170676319746388,0.0,True
steady,8,4,steady_r8_s4,17,1787646160.8286765,0.08493923079001053,0.08493923079001053,0.0,True
steady,8,4,steady_r8_s4,18,1787646165.8458445,0.0833913393269766,0.0833913393269766,0.0,True
steady,8,4,steady_r8_s4,19,1787646170.8629694,0.08401963229447941,0.08401963229447941,0.0,True
steady,8,4,steady_r8_s4,20,1787646175.8771145,0.08255039254955962,0.08255039254955962,0.0,True
steady,8,4,steady_r8_s4,21,1787646180.895487,0.08039998404506399,0.08039998404506399,0.0,True
steady,8,4,steady_r8_s4,22,1787646185.910833,0.07759660578643923,0.07759660578643923,0.0,True
steady,8,4,steady_r8_s4,23,1787646190.9254189,0.07637669788662003,0.07637669788662003,0.0,True
steady,8,4,steady_r8_s4,24,1787646195.9484522,0.07974641563087402,0.07974641563087402,0.0,True
steady,8,4,steady_r8_s4,25,1787646200.9690251,0.08297051784585008,0.08297051784585008,0.0,True
steady,8,4,steady_r8_s4,26,1787646205.991339,0.07995459345889545,0.07995459345889545,0.0,True
steady,8,4,steady_r8_s4,27,1787646211.0353165,0.0803182232782155,0.0803182232782155,0.0,True
steady,8,4,steady_r8_s4,28,1787646216.0662522,0.07910925523047072,0.07910925523047072,0.0,True
steady,8,4,steady_r8_s4,29,1787646221.107468,0.08030590403247267,0.08030590403247267,0.0,True
steady,8,4,steady_r8_s4,30,1787646226.1279445,0.08093524996493162,0.08093524996493162,0.0,True
steady,8,4,steady_r8_s4,31,1787646231.1684783,0.08067350734093343,0.08067350734093343,0.0,True
steady,8,4,steady_r8_s4,32,1787646236.1938305,0.08060184367453443,0.08060184367453443,0.0,True
steady,8,4,steady_r8_s4,33,1787646241.219487,0.08183543635113119,0.08183543635113119,0.0,True
steady,8,4,steady_r8_s4,34,1787646246.2416134,0.0802153788775665,0.0802153788775665,0.0,True
steady,8,4,steady_r8_s4,35,1787646251.277443,0.0802970013127965,0.0802970013127965,0.0,True
steady,8,4,steady_r8_s4,36,1787646256.3046763,0.07629534582611557,0.07629534582611557,0.0,True
steady,8,4,steady_r8_s4,37,1787646261.333301,0.07119931210559097,0.07119931210559097,0.0,True
steady,8,4,steady_r8_s4,38,1787646266.3586826,0.0760346579592818,0.0760346579592818,0.0,True
steady,8,4,steady_r8_s4,39,1787646271.3998096,0.0780051593558953,0.0780051593558953,0.0,True
steady,8,4,steady_r8_s4,40,1787646276.4296038,0.07841219928774308,0.07841219928774308,0.0,True
steady,8,4,steady_r8_s4,41,1787646281.4565146,0.08149729202557916,0.08149729202557916,0.0,True
steady,8,4,steady_r8_s4,42,1787646286.4831705,0.0820375550671088,0.0820375550671088,0.0,True
steady,8,4,steady_r8_s4,43,1787646291.514872,0.08076326092148675,0.08076326092148675,0.0,True
steady,8,4,steady_r8_s4,44,1787646296.558224,0.0840252277801631,0.0840252277801631,0.0,True
steady,8,4,steady_r8_s4,45,1787646301.591162,0.0847116410451653,0.0847116410451653,0.0,True
steady,8,4,steady_r8_s4,46,1787646306.6356359,0.08736875882002842,0.08736875882002842,0.0,True
steady,8,4,steady_r8_s4,47,1787646311.7163455,0.08507452680666318,0.08507452680666318,0.0,True
steady,8,4,steady_r8_s4,48,1787646316.7515144,0.08518275234841698,0.08518275234841698,0.0,True
steady,8,4,steady_r8_s4,49,1787646321.7814944,0.08507811587918904,0.08507811587918904,0.0,True
steady,8,4,steady_r8_s4,50,1787646326.813396,0.07945295898237224,0.07945295898237224,0.0,True
steady,8,4,steady_r8_s4,51,1787646331.8562982,0.07737543697989366,0.07737543697989366,0.0,True
steady,8,4,steady_r8_s4,52,1787646336.8915253,0.07701893439258505,0.07701893439258505,0.0,True
steady,8,4,steady_r8_s4,53,1787646341.92655,0.07479980326267388,0.07479980326267388,0.0,True
steady,8,4,steady_r8_s4,54,1787646346.964679,0.07286623353704924,0.07286623353704924,0.0,True
steady,8,4,steady_r8_s4,55,1787646352.000965,0.07365072949871626,0.07365072949871626,0.0,True
steady,8,4,steady_r8_s4,56,1787646357.041239,0.07219242080208822,0.07219242080208822,0.0,True
steady,8,4,steady_r8_s4,57,1787646362.079176,0.07042997130236099,0.07042997130236099,0.0,True
steady,8,4,steady_r8_s4,58,1787646367.142833,0.07017057333012224,0.07017057333012224,0.0,True
steady,8,4,steady_r8_s4,59,1787646372.1852775,0.07042294439892695,0.07042294439892695,0.0,True
steady,8,4,steady_r8_s4,60,1787646377.2407792,0.0726577679336921,0.0726577679336921,0.0,True
steady,8,4,steady_r8_s4,61,1787646382.2891319,0.0745255663807389,0.0745255663807389,0.0,True
steady,8,4,steady_r8_s4,62,1787646387.3323917,0.07752317010266264,0.07752317010266264,0.0,True
steady,8,4,steady_r8_s4,63,1787646392.3876393,0.08043917182867488,0.08043917182867488,0.0,True
steady,8,4,steady_r8_s4,64,1787646397.4544973,0.08341683273436841,0.08341683273436841,0.0,True
steady,8,4,steady_r8_s4,65,1787646402.4975247,0.08316229143068886,0.08316229143068886,0.0,True
steady,8,4,steady_r8_s4,66,1787646407.5391712,0.07844434364179485,0.07844434364179485,0.0,True
steady,8,4,steady_r8_s4,67,1787646412.5953891,0.0774128086400428,0.0774128086400428,0.0,True
steady,8,4,steady_r8_s4,68,1787646417.869308,0.0781026285116436,0.0781026285116436,0.0,True
steady,8,4,steady_r8_s4,69,1787646422.913383,0.08003878549139802,0.08003878549139802,0.0,True
steady,8,4,steady_r8_s4,70,1787646427.9704926,0.07994070381202908,0.07994070381202908,0.0,True
steady,8,4,steady_r8_s4,71,1787646433.0168393,0.08047433589828723,0.08047433589828723,0.0,True
steady,8,4,steady_r8_s4,72,1787646438.0796201,0.07873177385880196,0.07873177385880196,0.0,True
steady,8,4,steady_r8_s4,73,1787646443.1279447,0.08248745486037708,0.08248745486037708,0.0,True
steady,8,4,steady_r8_s4,74,1787646448.179432,0.08200974913784809,0.08200974913784809,0.0,True
steady,8,4,steady_r8_s4,75,1787646453.234894,0.08352838355291335,0.08352838355291335,0.0,True
steady,8,4,steady_r8_s4,76,1787646458.3178356,0.0832890361435131,0.0832890361435131,0.0,True
steady,8,4,steady_r8_s4,77,1787646463.4224827,0.08520830852977579,0.08520830852977579,0.0,True
steady,8,4,steady_r8_s4,78,1787646468.4922366,0.08693764129758276,0.08693764129758276,0.0,True
steady,8,4,steady_r8_s4,79,1787646473.5487473,0.09009319233828346,0.09009319233828346,0.0,True
steady,8,4,steady_r8_s4,80,1787646478.826919,0.0867524579973804,0.0867524579973804,0.0,True
steady,8,4,steady_r8_s4,81,1787646483.8892298,0.08308181133345569,0.08308181133345569,0.0,True
steady,8,4,steady_r8_s4,82,1787646488.9466038,0.08469690542367984,0.08469690542367984,0.0,True
steady,8,4,steady_r8_s4,83,1787646494.023285,0.08844441080141288,0.08844441080141288,0.0,True
steady,8,4,steady_r8_s4,84,1787646499.0884027,0.09169274097001692,0.09169274097001692,0.0,True
steady,8,4,steady_r8_s4,85,1787646504.14659,0.08623863240395725,0.08623863240395725,0.0,True
steady,8,4,steady_r8_s4,86,1787646509.204462,0.0789836662347493,0.0789836662347493,0.0,True
steady,10,3,steady_r10_s3,1,1787647278.4219513,0.0004693513020826709,0.0004249880141574132,4.43632879252577e-05,False
steady,10,3,steady_r10_s3,2,1787647283.424766,0.00465171705768406,0.00465171705768406,0.0,False
steady,10,3,steady_r10_s3,3,1787647288.4501312,0.011811194128868966,0.011811194128868966,0.0,False
steady,10,3,steady_r10_s3,4,1787647293.5054328,0.018523358912779238,0.018523358912779238,0.0,False
steady,10,3,steady_r10_s3,5,1787647298.51414,0.029167909514796277,0.02897656142269619,0.00019134809210008888,False
steady,10,3,steady_r10_s3,6,1787647303.569563,0.03878755424446284,0.03708707897154886,0.001700475272913983,False
steady,10,3,steady_r10_s3,7,1787647308.6100972,0.050128357318169794,0.04548917706993549,0.004639180248234308,False
steady,10,3,steady_r10_s3,8,1787647314.2377117,0.05391382383585849,0.05391382383585849,0.0,False
steady,10,3,steady_r10_s3,9,1787647319.2508683,0.0605074365586149,0.0605074365586149,0.0,False
steady,10,3,steady_r10_s3,10,1787647324.2859037,0.06808406085073293,0.06808406085073293,0.0,False
steady,10,3,steady_r10_s3,11,1787647329.3264625,0.07812712115961089,0.07812712115961089,0.0,False
steady,10,3,steady_r10_s3,12,1787647334.341315,0.0843779427771257,0.0843779427771257,0.0,False
steady,10,3,steady_r10_s3,13,1787647339.3649673,0.09026549391085069,0.09026549391085069,0.0,False
steady,10,3,steady_r10_s3,14,1787647344.3817222,0.09838190564145241,0.09838190564145241,0.0,False
steady,10,3,steady_r10_s3,15,1787647349.3987656,0.10238625196432262,0.10238625196432262,0.0,False
steady,10,3,steady_r10_s3,16,1787647354.4389193,0.10513844569278882,0.10513844569278882,0.0,False
steady,10,3,steady_r10_s3,17,1787647359.4797637,0.10483243510555754,0.10483243510555754,0.0,False
steady,10,3,steady_r10_s3,18,1787647364.500209,0.10468419867354754,0.10468419867354754,0.0,False
steady,10,3,steady_r10_s3,19,1787647369.5215724,0.10458378372780734,0.10458378372780734,0.0,False
steady,10,3,steady_r10_s3,20,1787647374.540887,0.10134875916056424,0.10134875916056424,0.0,False
steady,10,3,steady_r10_s3,21,1787647379.565178,0.10371920710515052,0.10371920710515052,0.0,False
steady,10,3,steady_r10_s3,22,1787647384.593878,0.10199145373326357,0.10199145373326357,0.0,False
steady,10,3,steady_r10_s3,23,1787647389.6185133,0.09959141212327369,0.09959141212327369,0.0,False
steady,10,3,steady_r10_s3,24,1787647394.6418686,0.09962219730846213,0.09962219730846213,0.0,False
steady,10,3,steady_r10_s3,25,1787647399.665931,0.09773946816393082,0.09773946816393082,0.0,False
steady,10,3,steady_r10_s3,26,1787647404.689397,0.09627183786593609,0.09627183786593609,0.0,False
steady,10,3,steady_r10_s3,27,1787647409.7172084,0.09191320082717588,0.09191320082717588,0.0,False
steady,10,3,steady_r10_s3,28,1787647414.7451854,0.09165074223350637,0.09165074223350637,0.0,False
steady,10,3,steady_r10_s3,29,1787647419.7749972,0.09262396726178443,0.09262396726178443,0.0,False
steady,10,3,steady_r10_s3,30,1787647424.804877,0.08953483019201028,0.08953483019201028,0.0,False
steady,10,3,steady_r10_s3,31,1787647429.8358514,0.090938131290669,0.090938131290669,0.0,False
steady,10,3,steady_r10_s3,32,1787647434.8682194,0.08775591896935277,0.08775591896935277,0.0,False
steady,10,3,steady_r10_s3,33,1787647439.9032462,0.08876266666024672,0.08876266666024672,0.0,False
steady,10,3,steady_r10_s3,34,1787647444.940332,0.08917915053861726,0.08917915053861726,0.0,False
steady,10,3,steady_r10_s3,35,1787647449.990556,0.08924451495484519,0.08924451495484519,0.0,False
steady,10,3,steady_r10_s3,36,1787647455.0394459,0.08961686138372543,0.08961686138372543,0.0,False
steady,10,3,steady_r10_s3,37,1787647460.0750504,0.08751677410480686,0.08751677410480686,0.0,False
steady,10,3,steady_r10_s3,38,1787647465.1123133,0.0902643087525414,0.0902643087525414,0.0,False
steady,10,3,steady_r10_s3,39,1787647470.1502275,0.08949834348094468,0.08949834348094468,0.0,False
steady,10,3,steady_r10_s3,40,1787647475.1898158,0.08550555521080448,0.08550555521080448,0.0,False
steady,10,3,steady_r10_s3,41,1787647480.2285142,0.09043774152579373,0.09043774152579373,0.0,False
steady,10,3,steady_r10_s3,42,1787647485.2679565,0.09019335790144108,0.09019335790144108,0.0,False
steady,10,3,steady_r10_s3,43,1787647490.3515234,0.09176367923896636,0.09176367923896636,0.0,False
steady,10,3,steady_r10_s3,44,1787647495.4080856,0.0949902556134455,0.09468365720142652,0.00030659841201897964,False
steady,10,3,steady_r10_s3,45,1787647500.446166,0.09162387299923341,0.09162387299923341,0.0,False
steady,10,3,steady_r10_s3,46,1787647505.4893935,0.09002654814821925,0.09002654814821925,0.0,False
steady,10,3,steady_r10_s3,47,1787647510.8342903,0.09341519978842865,0.09341519978842865,0.0,False
steady,10,3,steady_r10_s3,48,1787647515.8784738,0.09634352986416399,0.096343529864164,0.0,False
steady,10,3,steady_r10_s3,49,1787647520.9247017,0.09684155076713095,0.09684155076713095,0.0,False
steady,10,3,steady_r10_s3,50,1787647526.0079806,0.09842544318124485,0.09842544318124485,0.0,False
steady,10,3,steady_r10_s3,51,1787647531.0834973,0.10297172573905541,0.10101925347100242,0.0019524722680529932,False
steady,10,3,steady_r10_s3,52,1787647536.150197,0.10765082432178508,0.10765082432178508,0.0,False
steady,10,3,steady_r10_s3,53,1787647541.203319,0.11240327117271805,0.10429619900030995,0.008107072172408095,False
steady,10,3,steady_r10_s3,54,1787647546.9670324,0.10668330447342586,0.10668330447342586,0.0,False
steady,10,3,steady_r10_s3,55,1787647552.0176575,0.1047987600712158,0.1047987600712158,0.0,False
steady,10,3,steady_r10_s3,56,1787647557.0699894,0.10093207592246098,0.10093207592246098,0.0,False
steady,10,3,steady_r10_s3,57,1787647562.1226873,0.10163169174207728,0.10163169174207728,0.0,False
steady,10,3,steady_r10_s3,58,1787647567.1753073,0.10193789882033075,0.10193789882033075,0.0,False
steady,10,3,steady_r10_s3,59,1787647572.2302864,0.09817360096347164,0.09817360096347164,0.0,False
steady,10,3,steady_r10_s3,60,1787647577.284959,0.09842293229251531,0.09842293229251531,0.0,False
steady,10,3,steady_r10_s3,61,1787647582.3924744,0.10182679862882944,0.10182679862882944,0.0,False
steady,10,3,steady_r10_s3,62,1787647587.4552765,0.10168865490199706,0.10168865490199706,0.0,False
steady,10,3,steady_r10_s3,63,1787647592.783763,0.10069381763614305,0.10069381763614305,0.0,False
steady,10,3,steady_r10_s3,64,1787647597.8398561,0.10084281825198864,0.10084281825198864,0.0,False
steady,10,3,steady_r10_s3,65,1787647602.8988895,0.09984050714867679,0.09984050714867679,0.0,False
steady,10,3,steady_r10_s3,66,1787647607.960561,0.09738971846900676,0.09738971846900676,0.0,False
steady,10,3,steady_r10_s3,67,1787647613.0158687,0.09883704026930656,0.09883704026930656,0.0,False
steady,10,3,steady_r10_s3,68,1787647618.0728674,0.0977533745063153,0.0977533745063153,0.0,False
steady,10,3,steady_r10_s3,69,1787647623.1344845,0.09747253639665909,0.09747253639665909,0.0,False
steady,10,3,steady_r10_s3,70,1787647628.205585,0.0990107623641493,0.0990107623641493,0.0,False
steady,10,3,steady_r10_s3,71,1787647633.2699187,0.09704960235940731,0.09704960235940731,0.0,False
steady,10,3,steady_r10_s3,72,1787647638.336828,0.09899011906822232,0.09899011906822232,0.0,False
steady,10,3,steady_r10_s3,73,1787647643.400786,0.09765030730461427,0.09765030730461427,0.0,False
steady,10,3,steady_r10_s3,74,1787647648.4632025,0.09683155691296294,0.09683155691296294,0.0,False
steady,10,3,steady_r10_s3,75,1787647653.7988665,0.09646467112882132,0.09646467112882132,0.0,False
steady,10,3,steady_r10_s3,76,1787647658.867956,0.09635546964589588,0.09635546964589588,0.0,False
steady,10,3,steady_r10_s3,77,1787647663.9520147,0.09676075875604208,0.09676075875604208,0.0,False
steady,10,3,steady_r10_s3,78,1787647669.0291576,0.09408311953382313,0.09408311953382313,0.0,False
steady,10,3,steady_r10_s3,79,1787647674.0953119,0.09178631727963085,0.09178631727963085,0.0,False
steady,10,3,steady_r10_s3,80,1787647679.2007282,0.09123520071874983,0.09123520071874983,0.0,False
steady,10,3,steady_r10_s3,81,1787647684.2712464,0.09073575088942318,0.09073575088942318,0.0,False
steady,10,3,steady_r10_s3,82,1787647689.3386707,0.0906380153425038,0.0906380153425038,0.0,False
steady,10,3,steady_r10_s3,83,1787647694.423642,0.09087827783771024,0.09087827783771024,0.0,False
steady,10,3,steady_r10_s3,84,1787647699.4983106,0.08781597509998375,0.08781597509998375,0.0,False
steady,10,3,steady_r10_s3,85,1787647704.582709,0.08271263318115603,0.08271263318115603,0.0,False
steady,10,3,steady_r10_s3,86,1787647709.6537163,0.07380745604408429,0.07380745604408429,0.0,False
steady,10,4,steady_r10_s4,1,1787648482.4203866,2.6775235651816725e-05,2.6775235651816725e-05,0.0,False
steady,10,4,steady_r10_s4,2,1787648487.4312818,0.00651368174464463,0.003741932534591432,0.0027717492100531984,False
steady,10,4,steady_r10_s4,3,1787648493.3556237,0.016184062220675206,0.013302867299093598,0.002881194921581608,True
steady,10,4,steady_r10_s4,4,1787648498.376596,0.022879812055846153,0.018091737991352056,0.004788074064494097,True
steady,10,4,steady_r10_s4,5,1787648503.3945985,0.029328652594197292,0.0231978574601107,0.006130795134086594,True
steady,10,4,steady_r10_s4,6,1787648508.404988,0.040893616980576995,0.03187962384280085,0.009013993137776143,True
steady,10,4,steady_r10_s4,7,1787648513.4134426,0.048592915486863036,0.03776677976304806,0.010826135723814974,True
steady,10,4,steady_r10_s4,8,1787648518.4457448,0.06128196729289544,0.04809419130707562,0.013187775985819813,True
steady,10,4,steady_r10_s4,9,1787648523.461328,0.05855775282338726,0.05855775282338726,0.0,True
steady,10,4,steady_r10_s4,10,1787648528.4751282,0.07050419479057618,0.07050419479057618,0.0,True
steady,10,4,steady_r10_s4,11,1787648533.490219,0.07852686064718047,0.07852686064718047,0.0,True
steady,10,4,steady_r10_s4,12,1787648538.5048368,0.08712642690986572,0.08712642690986572,0.0,True
steady,10,4,steady_r10_s4,13,1787648543.5209265,0.09502605621371406,0.09502605621371406,0.0,True
steady,10,4,steady_r10_s4,14,1787648548.538364,0.10145196787371294,0.10145196787371294,0.0,True
steady,10,4,steady_r10_s4,15,1787648553.5723915,0.10124915071240251,0.10124915071240251,0.0,True
steady,10,4,steady_r10_s4,16,1787648558.5913668,0.10295049984366735,0.10295049984366735,0.0,True
steady,10,4,steady_r10_s4,17,1787648563.6111872,0.10647190959488934,0.10647190959488934,0.0,True
steady,10,4,steady_r10_s4,18,1787648568.6514487,0.10725725501497425,0.10725725501497425,0.0,True
steady,10,4,steady_r10_s4,19,1787648573.671218,0.11134074294562621,0.11134074294562621,0.0,True
steady,10,4,steady_r10_s4,20,1787648578.6973963,0.11058080268793843,0.11058080268793843,0.0,True
steady,10,4,steady_r10_s4,21,1787648583.719172,0.10791697886432625,0.10791697886432625,0.0,True
steady,10,4,steady_r10_s4,22,1787648588.7412548,0.10741899915941476,0.10741899915941476,0.0,True
steady,10,4,steady_r10_s4,23,1787648593.7642229,0.10720517186057746,0.10720517186057746,0.0,True
steady,10,4,steady_r10_s4,24,1787648598.7879446,0.10714663176906271,0.10714663176906271,0.0,True
steady,10,4,steady_r10_s4,25,1787648603.8131871,0.11353466078595219,0.11353466078595219,0.0,True
steady,10,4,steady_r10_s4,26,1787648608.8411276,0.11058798758482383,0.11058798758482383,0.0,True
steady,10,4,steady_r10_s4,27,1787648613.8820388,0.10849594982550624,0.10849594982550624,0.0,True
steady,10,4,steady_r10_s4,28,1787648618.9304664,0.10910949512386808,0.10910949512386808,0.0,True
steady,10,4,steady_r10_s4,29,1787648624.0044563,0.1092396339842291,0.1092396339842291,0.0,True
steady,10,4,steady_r10_s4,30,1787648629.0364676,0.10990087697501305,0.10990087697501305,0.0,True
steady,10,4,steady_r10_s4,31,1787648634.0643497,0.1051701785865021,0.1051701785865021,0.0,True
steady,10,4,steady_r10_s4,32,1787648639.1056237,0.10705946654225557,0.10705946654225557,0.0,True
steady,10,4,steady_r10_s4,33,1787648644.139751,0.10465014537559375,0.10465014537559375,0.0,True
steady,10,4,steady_r10_s4,34,1787648649.1731284,0.10207452254506937,0.10207452254506937,0.0,True
steady,10,4,steady_r10_s4,35,1787648654.2059605,0.10098541250681856,0.10098541250681856,0.0,True
steady,10,4,steady_r10_s4,36,1787648659.247118,0.10248878259883606,0.10248878259883606,0.0,True
steady,10,4,steady_r10_s4,37,1787648664.3027222,0.096159340800458,0.096159340800458,0.0,True
steady,10,4,steady_r10_s4,38,1787648669.3416798,0.09711275974904417,0.09711275974904417,0.0,True
steady,10,4,steady_r10_s4,39,1787648674.3772895,0.10084477668581601,0.10084477668581601,0.0,True
steady,10,4,steady_r10_s4,40,1787648679.44315,0.10335980937515162,0.10335980937515162,0.0,True
steady,10,4,steady_r10_s4,41,1787648684.4852607,0.10247509422000738,0.10247509422000738,0.0,True
steady,10,4,steady_r10_s4,42,1787648689.5282948,0.09947992582441408,0.09947992582441408,0.0,True
steady,10,4,steady_r10_s4,43,1787648694.5721,0.10080983191901195,0.10080983191901195,0.0,True
steady,10,4,steady_r10_s4,44,1787648699.6158836,0.10138259627078851,0.10138259627078851,0.0,True
steady,10,4,steady_r10_s4,45,1787648704.669372,0.10224068577359328,0.10224068577359328,0.0,True
steady,10,4,steady_r10_s4,46,1787648709.7179997,0.1023247826704719,0.1023247826704719,0.0,True
steady,10,4,steady_r10_s4,47,1787648715.0286505,0.10432613229630355,0.10432613229630355,0.0,True
steady,10,4,steady_r10_s4,48,1787648720.0777974,0.10498032614570316,0.10498032614570316,0.0,True
steady,10,4,steady_r10_s4,49,1787648725.1548371,0.10200101944678204,0.10200101944678204,0.0,True
steady,10,4,steady_r10_s4,50,1787648730.227887,0.10022342126941683,0.10022342126941683,0.0,True
steady,10,4,steady_r10_s4,51,1787648735.2721164,0.10076142153028306,0.10076142153028306,0.0,True
steady,10,4,steady_r10_s4,52,1787648740.3237765,0.10180582765561909,0.10180582765561909,0.0,True
steady,10,4,steady_r10_s4,53,1787648745.3775592,0.10104128106322834,0.10104128106322834,0.0,True
steady,10,4,steady_r10_s4,54,1787648750.428697,0.1025023125773679,0.1025023125773679,0.0,True
steady,10,4,steady_r10_s4,55,1787648755.4786804,0.10415922829154958,0.10415922829154958,0.0,True
steady,10,4,steady_r10_s4,56,1787648760.5433688,0.1036202901739082,0.1036202901739082,0.0,True
steady,10,4,steady_r10_s4,57,1787648765.5994396,0.10504627409459072,0.10504627409459072,0.0,True
steady,10,4,steady_r10_s4,58,1787648770.652311,0.10603481368742292,0.10603481368742292,0.0,True
steady,10,4,steady_r10_s4,59,1787648775.7044284,0.10748243325595522,0.10748243325595522,0.0,True
steady,10,4,steady_r10_s4,60,1787648780.763588,0.11070617571493442,0.11070617571493442,0.0,True
steady,10,4,steady_r10_s4,61,1787648785.8181214,0.1132152467854904,0.1132152467854904,0.0,True
steady,10,4,steady_r10_s4,62,1787648790.8684924,0.11367396658919034,0.11367396658919034,0.0,True
steady,10,4,steady_r10_s4,63,1787648796.143994,0.11018630735462097,0.11018630735462097,0.0,True
steady,10,4,steady_r10_s4,64,1787648801.2048297,0.1123024142248361,0.1123024142248361,0.0,True
steady,10,4,steady_r10_s4,65,1787648806.2605076,0.10728768109830532,0.10728768109830532,0.0,True
steady,10,4,steady_r10_s4,66,1787648811.3404386,0.10750354804124354,0.10750354804124354,0.0,True
steady,10,4,steady_r10_s4,67,1787648816.3960419,0.10731358293217286,0.10731358293217286,0.0,True
steady,10,4,steady_r10_s4,68,1787648821.4555092,0.10632349138296898,0.10632349138296898,0.0,True
steady,10,4,steady_r10_s4,69,1787648826.5163293,0.10387306227255397,0.10387306227255397,0.0,True
steady,10,4,steady_r10_s4,70,1787648831.5871863,0.10050187144136265,0.10050187144136265,0.0,True
steady,10,4,steady_r10_s4,71,1787648836.7010624,0.10070227924593338,0.10070227924593338,0.0,True
steady,10,4,steady_r10_s4,72,1787648841.7673352,0.10060521931348645,0.10060521931348645,0.0,True
steady,10,4,steady_r10_s4,73,1787648846.8331914,0.09917217596873742,0.09917217596873742,0.0,True
steady,10,4,steady_r10_s4,74,1787648851.9181337,0.10124777475391517,0.10124777475391517,0.0,True
steady,10,4,steady_r10_s4,75,1787648857.3478425,0.10603742028053138,0.10603742028053138,0.0,True
steady,10,4,steady_r10_s4,76,1787648862.418817,0.10865729126085319,0.10865729126085319,0.0,True
steady,10,4,steady_r10_s4,77,1787648867.4885817,0.10821299512878978,0.10821299512878978,0.0,True
steady,10,4,steady_r10_s4,78,1787648872.5580332,0.1114640344416698,0.1114640344416698,0.0,True
steady,10,4,steady_r10_s4,79,1787648877.626582,0.10417262191973374,0.10417262191973374,0.0,True
steady,10,4,steady_r10_s4,80,1787648882.6915338,0.10862977014737142,0.10862977014737142,0.0,True
steady,10,4,steady_r10_s4,81,1787648887.7617595,0.10588821951077054,0.10588821951077054,0.0,True
steady,10,4,steady_r10_s4,82,1787648892.8321424,0.10879004024476951,0.10879004024476951,0.0,True
steady,10,4,steady_r10_s4,83,1787648897.9042423,0.10876879422390613,0.10876879422390613,0.0,True
steady,10,4,steady_r10_s4,84,1787648903.0049574,0.10669040267436959,0.10669040267436959,0.0,True
steady,10,4,steady_r10_s4,85,1787648908.33041,0.10099719624260406,0.10099719624260406,0.0,True
steady,10,4,steady_r10_s4,86,1787648913.406353,0.0935300908143975,0.0935300908143975,0.0,True
bursty,8,3,bursty_r8_s3,1,1787649684.3412342,0.00029847361382104835,0.0002378378440667062,6.0635769754342154e-05,False
bursty,8,3,bursty_r8_s3,2,1787649689.348341,0.0073509641914400355,0.004573351747867,0.0027776124435730356,False
bursty,8,3,bursty_r8_s3,3,1787649694.3530269,0.00843291931358061,0.00843291931358061,0.0,True
bursty,8,3,bursty_r8_s3,4,1787649699.3616428,0.01280327558174995,0.01280327558174995,0.0,True
bursty,8,3,bursty_r8_s3,5,1787649704.3784606,0.01935816510244545,0.01935816510244545,0.0,True
bursty,8,3,bursty_r8_s3,6,1787649709.409698,0.02520814010216304,0.025208140102163042,0.0,True
bursty,8,3,bursty_r8_s3,7,1787649714.4630475,0.03132326408536958,0.03132326408536958,0.0,True
bursty,8,3,bursty_r8_s3,8,1787649719.4724824,0.03754428503692301,0.03754428503692301,0.0,True
bursty,8,3,bursty_r8_s3,9,1787649724.4851599,0.04280371385424062,0.04280371385424062,0.0,True
bursty,8,3,bursty_r8_s3,10,1787649729.497556,0.047536214894551995,0.047536214894551995,0.0,True
bursty,8,3,bursty_r8_s3,11,1787649734.5144806,0.06062635656964568,0.06028951687758367,0.00033683969206201037,True
bursty,8,3,bursty_r8_s3,12,1787649739.5267422,0.07048797926036675,0.06271447008291987,0.0077735091774468745,True
bursty,8,3,bursty_r8_s3,13,1787649744.5431933,0.08402620250320181,0.06534684948307591,0.018679353020125897,True
bursty,8,3,bursty_r8_s3,14,1787649749.580734,0.06739557718767261,0.06739557718767261,0.0,True
bursty,8,3,bursty_r8_s3,15,1787649754.595573,0.08045991814607999,0.08045991814607999,0.0,True
bursty,8,3,bursty_r8_s3,16,1787649759.6115093,0.09128830105549415,0.09128830105549415,0.0,True
bursty,8,3,bursty_r8_s3,17,1787649764.628501,0.10077910611770256,0.09343249287251368,0.007346613245188885,True
bursty,8,3,bursty_r8_s3,18,1787649769.6453598,0.1086308360760068,0.09307680566028824,0.015554030415718567,True
bursty,8,3,bursty_r8_s3,19,1787649774.6631284,0.11530777381696021,0.09413172861871749,0.02117604519824272,True
bursty,8,3,bursty_r8_s3,20,1787649780.8387053,0.10429804251040528,0.09182616895613069,0.012471873554274593,False
bursty,8,3,bursty_r8_s3,21,1787649785.8588855,0.09925513512486425,0.08856186510416139,0.01069327002070286,False
bursty,8,3,bursty_r8_s3,22,1787649790.8793225,0.10075756349722657,0.09055887199698243,0.010198691500244148,False
bursty,8,3,bursty_r8_s3,23,1787649795.9303405,0.09980310690024281,0.08990521644801648,0.009897890452226332,False
bursty,8,3,bursty_r8_s3,24,1787649800.951582,0.09956162190373401,0.08970797817037555,0.009853643733358453,False
bursty,8,3,bursty_r8_s3,25,1787649805.9742606,0.09756354655420522,0.09333101853980544,0.004232528014399786,False
bursty,8,3,bursty_r8_s3,26,1787649810.9952898,0.09193577352706883,0.09193577352706883,0.0,False
bursty,8,3,bursty_r8_s3,27,1787649816.015769,0.09727752401851086,0.09631683918410146,0.000960684834409406,False
bursty,8,3,bursty_r8_s3,28,1787649821.0349052,0.09851814170458727,0.09715634672884653,0.0013617949757407377,False
bursty,8,3,bursty_r8_s3,29,1787649826.0590487,0.09720203188658685,0.09720203188658685,0.0,False
bursty,8,3,bursty_r8_s3,30,1787649831.0843303,0.09694190237176434,0.09677171387637228,0.00017018849539206238,False
bursty,8,3,bursty_r8_s3,31,1787649836.1214514,0.10094389490749481,0.09625099093062672,0.004692903976868085,False
bursty,8,3,bursty_r8_s3,32,1787649841.196691,0.09510080017335139,0.09510080017335139,0.0,False
bursty,8,3,bursty_r8_s3,33,1787649846.2230244,0.09749268449439595,0.09685616686010219,0.0006365176342937595,False
bursty,8,3,bursty_r8_s3,34,1787649851.2664068,0.09346323117916432,0.09111537835613026,0.002347852823034055,False
bursty,8,3,bursty_r8_s3,35,1787649856.2982442,0.0914374130064407,0.08654189012170113,0.004895522884739573,False
bursty,8,3,bursty_r8_s3,36,1787649861.3267934,0.09255015211773998,0.07977692407283646,0.012773228044903523,False
bursty,8,3,bursty_r8_s3,37,1787649866.3528013,0.09473263530547457,0.07617499876571004,0.018557636539764527,False
bursty,8,3,bursty_r8_s3,38,1787649871.3807492,0.07259108563076787,0.07259108563076787,0.0,False
bursty,8,3,bursty_r8_s3,39,1787649876.4067416,0.06683278467614955,0.06683278467614955,0.0,False
bursty,8,3,bursty_r8_s3,40,1787649881.4373357,0.06221896936060308,0.06031355344751575,0.0019054159130873285,False
bursty,8,3,bursty_r8_s3,41,1787649886.469297,0.056293380865577544,0.056293380865577544,0.0,False
bursty,8,3,bursty_r8_s3,42,1787649891.5024166,0.05348848823785837,0.05348848823785837,0.0,False
bursty,8,3,bursty_r8_s3,43,1787649896.535737,0.05021448987124235,0.05021448987124235,0.0,False
bursty,8,3,bursty_r8_s3,44,1787649901.5700305,0.04772297730970597,0.04772297730970597,0.0,False
bursty,8,3,bursty_r8_s3,45,1787649906.6200173,0.04184541461342711,0.04184541461342711,0.0,False
bursty,8,3,bursty_r8_s3,46,1787649911.6542857,0.04258408001500468,0.04258408001500468,0.0,False
bursty,8,3,bursty_r8_s3,47,1787649916.6894794,0.048180545495273286,0.04565797208335227,0.0025225734119210183,False
bursty,8,3,bursty_r8_s3,48,1787649921.7225826,0.058998977337431105,0.04669340493067471,0.012305572406756393,False
bursty,8,3,bursty_r8_s3,49,1787649926.7718506,0.06948547839613005,0.05416821807679847,0.015317260319331581,False
bursty,8,3,bursty_r8_s3,50,1787649931.8306823,0.07971590452041438,0.05235749019299019,0.02735841432742419,False
bursty,8,3,bursty_r8_s3,51,1787649937.3298163,0.0562653457005636,0.0562653457005636,0.0,False
bursty,8,3,bursty_r8_s3,52,1787649942.3695438,0.0698394142317695,0.0698394142317695,0.0,False
bursty,8,3,bursty_r8_s3,53,1787649947.406539,0.08134817277538647,0.07984803595611044,0.001500136819276035,False
bursty,8,3,bursty_r8_s3,54,1787649952.4475386,0.10046291450535377,0.07843289813030126,0.022030016375052516,False
bursty,8,3,bursty_r8_s3,55,1787649957.4844933,0.10477057950592535,0.0803925876572325,0.02437799184869284,False
bursty,8,3,bursty_r8_s3,56,1787649962.5248246,0.10543539508837464,0.07817632862712107,0.027259066461253575,False
bursty,8,3,bursty_r8_s3,57,1787649967.5662582,0.08172496391972789,0.08172496391972789,0.0,False
bursty,8,3,bursty_r8_s3,58,1787649972.6191418,0.08506369601029118,0.08506369601029118,0.0,False
bursty,8,3,bursty_r8_s3,59,1787649977.665766,0.08760247813469386,0.07936679377980911,0.008235684354884754,False
bursty,8,3,bursty_r8_s3,60,1787649982.7101867,0.09250322124733126,0.07295793908544981,0.01954528216188145,False
bursty,8,3,bursty_r8_s3,61,1787649987.756762,0.09621545295434486,0.07800773396434549,0.018207718989999372,False
bursty,8,3,bursty_r8_s3,62,1787649992.8262172,0.0988295945976315,0.07407011827181018,0.02475947632582133,False
bursty,8,3,bursty_r8_s3,63,1787649997.8667252,0.07283288352669015,0.07163312225492435,0.001199761271765798,False
bursty,8,3,bursty_r8_s3,64,1787650002.9133077,0.07604675536283645,0.0664124137845356,0.009634341578300842,False
bursty,8,3,bursty_r8_s3,65,1787650007.987623,0.07896449991401859,0.07053411180597777,0.008430388108040823,False
bursty,8,3,bursty_r8_s3,66,1787650013.0483367,0.07844061656639302,0.07076948049474385,0.007671136071649168,False
bursty,8,3,bursty_r8_s3,67,1787650018.145203,0.07308883157270113,0.06495469703877763,0.008134134533923504,False
bursty,8,3,bursty_r8_s3,68,1787650023.2183464,0.06782784917386853,0.059602805337384705,0.008225043836483821,False
bursty,8,3,bursty_r8_s3,69,1787650028.338983,0.07346114199694694,0.06264685879138374,0.0108142832055632,False
bursty,8,3,bursty_r8_s3,70,1787650033.3909323,0.08766153073749776,0.07453646979329054,0.01312506094420722,False
bursty,8,3,bursty_r8_s3,71,1787650038.4450536,0.104073611943985,0.07345737362345275,0.030616238320532244,False
bursty,8,3,bursty_r8_s3,72,1787650043.4934268,0.12217572062289364,0.07072526228230598,0.05145045834058766,False
bursty,8,3,bursty_r8_s3,73,1787650048.5476036,0.13653630246851756,0.0786531470248255,0.05788315544369206,False
bursty,8,3,bursty_r8_s3,74,1787650053.6023202,0.15639767572968902,0.08266896400801921,0.07372871172166981,False
bursty,8,3,bursty_r8_s3,75,1787650058.6535828,0.10095973289605935,0.08278750628634061,0.018172226609718733,False
bursty,8,3,bursty_r8_s3,76,1787650063.745824,0.11166925227402051,0.09105244920547187,0.020616803068548642,False
bursty,8,3,bursty_r8_s3,77,1787650068.8079765,0.11973113329188599,0.09676911764070402,0.022962015651181972,False
bursty,8,3,bursty_r8_s3,78,1787650073.88389,0.1254797759765709,0.10188468408367968,0.023595091892891218,False
bursty,8,3,bursty_r8_s3,79,1787650079.1541157,0.13177461494059603,0.10794861875519898,0.023825996185397047,False
bursty,8,3,bursty_r8_s3,80,1787650084.2137957,0.13594114593016118,0.11214971661069181,0.02379142931946937,False
bursty,8,3,bursty_r8_s3,81,1787650089.2718034,0.11021080225505495,0.11021080225505495,0.0,False
bursty,8,3,bursty_r8_s3,82,1787650094.3359933,0.11116991917416508,0.11116991917416508,0.0,False
bursty,8,3,bursty_r8_s3,83,1787650099.403848,0.10657856033639052,0.10657856033639052,0.0,False
bursty,8,3,bursty_r8_s3,84,1787650104.4858274,0.10274291948488035,0.10274291948488035,0.0,False
bursty,8,3,bursty_r8_s3,85,1787650109.565549,0.09496084324120409,0.09496084324120409,0.0,False
bursty,8,3,bursty_r8_s3,86,1787650114.6542404,0.0866239674693185,0.0866239674693185,0.0,False
bursty,8,4,bursty_r8_s4,1,1787650881.0998635,0.0002901711817329192,0.00026210350289474697,2.8067678838172253e-05,False
bursty,8,4,bursty_r8_s4,2,1787650886.1051705,0.007682600383731287,0.006913911143612711,0.0007686892401185755,False
bursty,8,4,bursty_r8_s4,3,1787650891.1099763,0.021497448186950863,0.021497448186950863,0.0,False
bursty,8,4,bursty_r8_s4,4,1787650896.1256776,0.03767262429777085,0.03767262429777085,0.0,False
bursty,8,4,bursty_r8_s4,5,1787650901.1394007,0.05701536671644503,0.05701536671644503,0.0,False
bursty,8,4,bursty_r8_s4,6,1787650906.1506093,0.0686033181141418,0.0686033181141418,0.0,False
bursty,8,4,bursty_r8_s4,7,1787650911.1623971,0.08331832139810968,0.08331832139810968,0.0,False
bursty,8,4,bursty_r8_s4,8,1787650916.2009275,0.09781504290048697,0.09781504290048697,0.0,False
bursty,8,4,bursty_r8_s4,9,1787650921.2131968,0.11183468641810002,0.11183468641810002,0.0,False
bursty,8,4,bursty_r8_s4,10,1787650926.2264931,0.1255235999636061,0.1255235999636061,0.0,False
bursty,8,4,bursty_r8_s4,11,1787650931.2398694,0.12901032069454346,0.12901032069454346,0.0,False
bursty,8,4,bursty_r8_s4,12,1787650936.2542922,0.12931541909381214,0.12931541909381214,0.0,False
bursty,8,4,bursty_r8_s4,13,1787650941.2685378,0.1289739403976117,0.1289739403976117,0.0,False
bursty,8,4,bursty_r8_s4,14,1787650946.2818873,0.12188060932084822,0.12188060932084822,0.0,False
bursty,8,4,bursty_r8_s4,15,1787650951.293953,0.10781797090686128,0.10781797090686128,0.0,False
bursty,8,4,bursty_r8_s4,16,1787650956.3096645,0.10421495466098536,0.10027629953621729,0.00393865512476807,False
bursty,8,4,bursty_r8_s4,17,1787650961.324291,0.11110212295443139,0.09630811697627421,0.01479400597815718,False
bursty,8,4,bursty_r8_s4,18,1787650966.3523877,0.1332938211794788,0.10608333377803755,0.027210487401441247,False
bursty,8,4,bursty_r8_s4,19,1787650971.3710868,0.1506304903212983,0.11967068795932796,0.030959802361970337,False
bursty,8,4,bursty_r8_s4,20,1787650976.389669,0.16332887374422148,0.1297447710725845,0.03358410267163697,False
bursty,8,4,bursty_r8_s4,21,1787650981.4042652,0.17926314776696373,0.14246795541967783,0.0367951923472859,False
bursty,8,4,bursty_r8_s4,22,1787650986.4237988,0.19828113908399378,0.1575618709225811,0.04071926816141269,False
bursty,8,4,bursty_r8_s4,23,1787650991.4423335,0.16484303899171254,0.16484303899171254,0.0,True
bursty,8,4,bursty_r8_s4,24,1787650996.4759448,0.17950715686945884,0.17950715686945884,0.0,True
bursty,8,4,bursty_r8_s4,25,1787651001.5023954,0.17986276650769364,0.17986276650769364,0.0,True
bursty,8,4,bursty_r8_s4,26,1787651006.562787,0.1827757065335781,0.1827757065335781,0.0,True
bursty,8,4,bursty_r8_s4,27,1787651011.589875,0.18149474708402272,0.18149474708402272,0.0,True
bursty,8,4,bursty_r8_s4,28,1787651016.6362429,0.1799292999238795,0.1799292999238795,0.0,True
bursty,8,4,bursty_r8_s4,29,1787651021.6646495,0.16618823760172327,0.16618823760172327,0.0,True
bursty,8,4,bursty_r8_s4,30,1787651026.6933913,0.1478028369290297,0.1478028369290297,0.0,True
bursty,8,4,bursty_r8_s4,31,1787651031.7259333,0.1350681881206735,0.1350681881206735,0.0,True
bursty,8,4,bursty_r8_s4,32,1787651036.7558663,0.12308758469575705,0.12308758469575705,0.0,True
bursty,8,4,bursty_r8_s4,33,1787651041.7960055,0.11075901915170763,0.11075901915170763,0.0,True
bursty,8,4,bursty_r8_s4,34,1787651046.8428717,0.09356357245125782,0.09356357245125782,0.0,True
bursty,8,4,bursty_r8_s4,35,1787651051.8762307,0.0781607042282754,0.0781607042282754,0.0,True
bursty,8,4,bursty_r8_s4,36,1787651056.9100509,0.07889278938700528,0.06673806233650069,0.01215472705050459,True
bursty,8,4,bursty_r8_s4,37,1787651061.9571033,0.07730536068812263,0.060591421698108244,0.016713938990014388,True
bursty,8,4,bursty_r8_s4,38,1787651067.0026603,0.0891091072077571,0.059861333034894125,0.02924777417286297,True
bursty,8,4,bursty_r8_s4,39,1787651072.032729,0.09784738067926266,0.06569416772493367,0.03215321295432899,True
bursty,8,4,bursty_r8_s4,40,1787651077.0676827,0.10478937174382603,0.07076755547080074,0.03402181627302529,True
bursty,8,4,bursty_r8_s4,41,1787651082.100434,0.1085573548549232,0.07369358186863564,0.03486377298628755,True
bursty,8,4,bursty_r8_s4,42,1787651087.1341407,0.11289384360575219,0.07719743859839007,0.035696405007362125,True
bursty,8,4,bursty_r8_s4,43,1787651092.1632786,0.07709109119385309,0.07709109119385309,0.0,False
bursty,8,4,bursty_r8_s4,44,1787651097.1926236,0.08185416889218282,0.08185416889218282,0.0,False
bursty,8,4,bursty_r8_s4,45,1787651102.227277,0.08269208142419011,0.08269208142419011,0.0,False
bursty,8,4,bursty_r8_s4,46,1787651107.2609353,0.07747788040572534,0.07747788040572534,0.0,False
bursty,8,4,bursty_r8_s4,47,1787651112.2977552,0.07182157853352829,0.07182157853352829,0.0,False
bursty,8,4,bursty_r8_s4,48,1787651117.3305285,0.06564981923293346,0.06564981923293346,0.0,False
bursty,8,4,bursty_r8_s4,49,1787651122.368239,0.05914265955084699,0.05914265955084699,0.0,False
bursty,8,4,bursty_r8_s4,50,1787651127.4043689,0.06144801237456972,0.06144801237456972,0.0,False
bursty,8,4,bursty_r8_s4,51,1787651132.4407542,0.07131410939940729,0.06611727357229674,0.005196835827110544,False
bursty,8,4,bursty_r8_s4,52,1787651137.4835837,0.05959956758123728,0.05959956758123728,0.0,True
bursty,8,4,bursty_r8_s4,53,1787651142.5230541,0.06544993958911376,0.05983179451076625,0.005618145078347507,True
bursty,8,4,bursty_r8_s4,54,1787651147.5638485,0.07264663524313152,0.06621752504901743,0.006429110194114088,True
bursty,8,4,bursty_r8_s4,55,1787651152.636863,0.08309349092517417,0.06292224958251762,0.02017124134265655,True
bursty,8,4,bursty_r8_s4,56,1787651157.6746793,0.0923346669436348,0.06307521792085205,0.029259449022782755,True
bursty,8,4,bursty_r8_s4,57,1787651162.715596,0.09785707540155696,0.06634835668840054,0.031508718713156414,True
bursty,8,4,bursty_r8_s4,58,1787651168.1390982,0.0667567237436364,0.0667567237436364,0.0,True
bursty,8,4,bursty_r8_s4,59,1787651173.1803267,0.06641258538405435,0.06641258538405435,0.0,True
bursty,8,4,bursty_r8_s4,60,1787651178.2233055,0.0697308439223355,0.0697308439223355,0.0,True
bursty,8,4,bursty_r8_s4,61,1787651183.2658656,0.06811186412847951,0.06811186412847951,0.0,True
bursty,8,4,bursty_r8_s4,62,1787651188.314486,0.0656355974433091,0.0656355974433091,0.0,True
bursty,8,4,bursty_r8_s4,63,1787651193.3592613,0.0634231701671516,0.0634231701671516,0.0,True
bursty,8,4,bursty_r8_s4,64,1787651198.4031157,0.06214603447714711,0.06214603447714711,0.0,True
bursty,8,4,bursty_r8_s4,65,1787651203.4562862,0.06855943823233492,0.06855943823233492,0.0,True
bursty,8,4,bursty_r8_s4,66,1787651208.5016148,0.07809061007419747,0.07809061007419747,0.0,True
bursty,8,4,bursty_r8_s4,67,1787651213.5491467,0.08595842657402711,0.07437737147890684,0.011581055095120266,True
bursty,8,4,bursty_r8_s4,68,1787651218.6110506,0.07028813791009209,0.07028813791009209,0.0,True
bursty,8,4,bursty_r8_s4,69,1787651223.6605809,0.08091273075457325,0.08091273075457325,0.0,True
bursty,8,4,bursty_r8_s4,70,1787651228.708703,0.08905483147585794,0.08905483147585794,0.0,True
bursty,8,4,bursty_r8_s4,71,1787651233.7554917,0.10119572382688587,0.09877762120469884,0.0024181026221870294,True
bursty,8,4,bursty_r8_s4,72,1787651238.8168523,0.11168494076521686,0.09163365769109177,0.020051283074125084,True
bursty,8,4,bursty_r8_s4,73,1787651243.872721,0.12131509567066641,0.08889749827124602,0.03241759739942039,True
bursty,8,4,bursty_r8_s4,74,1787651248.9217849,0.10169179075214878,0.09158662981377631,0.010105160938372465,False
bursty,8,4,bursty_r8_s4,75,1787651253.970033,0.10003675747724215,0.09013608943294069,0.009900668044301467,False
bursty,8,4,bursty_r8_s4,76,1787651259.020253,0.1017851819766469,0.09171147183256459,0.010073710144082315,False
bursty,8,4,bursty_r8_s4,77,1787651264.0830815,0.10863263071211063,0.09749176642788686,0.01114086428422377,False
bursty,8,4,bursty_r8_s4,78,1787651269.1531472,0.10759164184946551,0.0939788813075459,0.013612760541919608,False
bursty,8,4,bursty_r8_s4,79,1787651274.207506,0.10833743244955105,0.09312327994535648,0.01521415250419457,False
bursty,8,4,bursty_r8_s4,80,1787651279.478463,0.08800188986639781,0.08800188986639781,0.0,False
bursty,8,4,bursty_r8_s4,81,1787651284.535813,0.0830997074094435,0.0830997074094435,0.0,False
bursty,8,4,bursty_r8_s4,82,1787651289.5932803,0.08055317060441368,0.08055317060441368,0.0,False
bursty,8,4,bursty_r8_s4,83,1787651294.6923146,0.07956067863408939,0.07918673174920542,0.00037394688488397165,False
bursty,8,4,bursty_r8_s4,84,1787651299.7902718,0.08020321969932553,0.07024547372492168,0.009957745974403853,False
bursty,8,4,bursty_r8_s4,85,1787651304.8459737,0.0777212975652978,0.06273903150484426,0.014982266060453539,False
bursty,8,4,bursty_r8_s4,86,1787651309.9013622,0.07401738010142578,0.05867998941878744,0.015337390682638341,False
bursty,10,3,bursty_r10_s3,1,1787652083.0129719,0.0002918236535162071,0.00023248458069542987,5.9339072820777236e-05,False
bursty,10,3,bursty_r10_s3,2,1787652088.0502355,0.007295115348949017,0.004990914311086052,0.002304201037862965,False
bursty,10,3,bursty_r10_s3,3,1787652094.0295846,0.012608720929152873,0.012608720929152873,0.0,True
bursty,10,3,bursty_r10_s3,4,1787652099.0570083,0.018756305349131957,0.018756305349131957,0.0,True
bursty,10,3,bursty_r10_s3,5,1787652104.0728729,0.02553889004053909,0.02553889004053909,0.0,True
bursty,10,3,bursty_r10_s3,6,1787652109.108673,0.03256989015257263,0.03256989015257263,0.0,True
bursty,10,3,bursty_r10_s3,7,1787652114.1357844,0.039260012339527195,0.039260012339527195,0.0,True
bursty,10,3,bursty_r10_s3,8,1787652119.145664,0.04599091974688049,0.04599091974688049,0.0,True
bursty,10,3,bursty_r10_s3,9,1787652124.157435,0.05587863683671853,0.05587863683671852,6.938893903907228e-18,True
bursty,10,3,bursty_r10_s3,10,1787652129.170962,0.06808985604384049,0.06808985604384049,0.0,True
bursty,10,3,bursty_r10_s3,11,1787652134.1850762,0.08086382102188264,0.07475864031362886,0.006105180708253777,True
bursty,10,3,bursty_r10_s3,12,1787652139.2005296,0.09653573266438517,0.07940081806355379,0.017134914600831386,True
bursty,10,3,bursty_r10_s3,13,1787652144.2499976,0.08815148319913382,0.08815148319913382,0.0,True
bursty,10,3,bursty_r10_s3,14,1787652149.287701,0.10315120137928169,0.10315120137928169,0.0,True
bursty,10,3,bursty_r10_s3,15,1787652154.3182805,0.11483048050295235,0.11483048050295235,0.0,True
bursty,10,3,bursty_r10_s3,16,1787652159.3827739,0.12912924934190484,0.12912924934190484,0.0,True
bursty,10,3,bursty_r10_s3,17,1787652164.41512,0.13934425406726092,0.1264489735565592,0.012895280510701712,True
bursty,10,3,bursty_r10_s3,18,1787652169.433571,0.14625594371459535,0.12450382236382895,0.0217521213507664,True
bursty,10,3,bursty_r10_s3,19,1787652176.7493455,0.13325054645862577,0.11764663861402892,0.015603907844596851,False
bursty,10,3,bursty_r10_s3,20,1787652181.7739031,0.12717345455206522,0.1130310451210854,0.014142409430979816,False
bursty,10,3,bursty_r10_s3,21,1787652186.796591,0.12375652058480102,0.11150021385634673,0.012256306728454291,False
bursty,10,3,bursty_r10_s3,22,1787652191.8213384,0.12034054085995782,0.10842231467464217,0.011918226185315656,False
bursty,10,3,bursty_r10_s3,23,1787652196.8462815,0.12564608904677846,0.11321085773692827,0.012435231309850192,False
bursty,10,3,bursty_r10_s3,24,1787652201.8694308,0.12589319227078757,0.11343350508036616,0.012459687190421412,False
bursty,10,3,bursty_r10_s3,25,1787652206.9178896,0.11242415622249267,0.11242415622249267,0.0,False
bursty,10,3,bursty_r10_s3,26,1787652211.9444835,0.11182476688589121,0.11182476688589121,0.0,False
bursty,10,3,bursty_r10_s3,27,1787652216.9707022,0.10940083277049993,0.10940083277049993,0.0,False
bursty,10,3,bursty_r10_s3,28,1787652221.9988308,0.10959274650346336,0.10959274650346336,0.0,False
bursty,10,3,bursty_r10_s3,29,1787652227.0527666,0.11105347377900494,0.10848556737556528,0.0025679064034396654,False
bursty,10,3,bursty_r10_s3,30,1787652232.0811708,0.11633883255744354,0.10919638131138072,0.007142451246062817,False
bursty,10,3,bursty_r10_s3,31,1787652237.1317372,0.11557902468820566,0.11557902468820566,0.0,False
bursty,10,3,bursty_r10_s3,32,1787652242.1811614,0.11360910910565394,0.11360910910565397,0.0,False
bursty,10,3,bursty_r10_s3,33,1787652247.2127972,0.11241093640334426,0.11241093640334426,0.0,False
bursty,10,3,bursty_r10_s3,34,1787652252.2824862,0.11076150707723978,0.10723243714936462,0.0035290699278751614,False
bursty,10,3,bursty_r10_s3,35,1787652257.3153205,0.10621607234659178,0.10239988384771612,0.003816188498875661,False
bursty,10,3,bursty_r10_s3,36,1787652262.3565884,0.10630620553209714,0.09162476247387585,0.014681443058221291,False
bursty,10,3,bursty_r10_s3,37,1787652267.3936312,0.086138090212111,0.086138090212111,0.0,False
bursty,10,3,bursty_r10_s3,38,1787652272.4599938,0.08398155318942532,0.08398155318942532,0.0,False
bursty,10,3,bursty_r10_s3,39,1787652277.494769,0.08138195365439015,0.08138195365439015,0.0,False
bursty,10,3,bursty_r10_s3,40,1787652282.5282342,0.07638999131961807,0.07539753005988434,0.0009924612597337346,False
bursty,10,3,bursty_r10_s3,41,1787652287.5668108,0.0742587583998507,0.07402181815270406,0.00023694024714664141,False
bursty,10,3,bursty_r10_s3,42,1787652292.605977,0.06988590888623467,0.06988590888623467,0.0,False
bursty,10,3,bursty_r10_s3,43,1787652297.6463728,0.06309126220962881,0.06309126220962881,0.0,False
bursty,10,3,bursty_r10_s3,44,1787652302.6852057,0.06114386031788994,0.053415213370679046,0.007728646947210892,False
bursty,10,3,bursty_r10_s3,45,1787652307.7216773,0.05323451318167022,0.05323451318167022,0.0,False
bursty,10,3,bursty_r10_s3,46,1787652312.7629821,0.052845762564058235,0.052845762564058235,0.0,False
bursty,10,3,bursty_r10_s3,47,1787652317.80158,0.06917103486846464,0.06368160012028526,0.005489434748179381,False
bursty,10,3,bursty_r10_s3,48,1787652322.8548799,0.08306078965846868,0.061100142152280115,0.021960647506188563,False
bursty,10,3,bursty_r10_s3,49,1787652327.9013515,0.10220356533956351,0.06955155545999292,0.03265200987957059,False
bursty,10,3,bursty_r10_s3,50,1787652332.9523735,0.12213579575191494,0.07918201710573551,0.04295377864617943,False
bursty,10,3,bursty_r10_s3,51,1787652340.1035469,0.1003450777741257,0.09086148169245699,0.00948359608166871,False
bursty,10,3,bursty_r10_s3,52,1787652345.1823528,0.11759930272473428,0.1018320134261155,0.015767289298618772,False
bursty,10,3,bursty_r10_s3,53,1787652350.2436135,0.13590449510769972,0.11121552473788207,0.024688970369817653,False
bursty,10,3,bursty_r10_s3,54,1787652355.3359003,0.1456769892612379,0.11550027502017304,0.030176714241064856,False
bursty,10,3,bursty_r10_s3,55,1787652360.385635,0.15097451184100916,0.11573897678032835,0.035235535060680806,False
bursty,10,3,bursty_r10_s3,56,1787652365.454372,0.15101829306838888,0.114282743984902,0.036735549083486876,False
bursty,10,3,bursty_r10_s3,57,1787652370.5249088,0.11477139780121429,0.11477139780121429,0.0,False
bursty,10,3,bursty_r10_s3,58,1787652375.6052744,0.11815575584590193,0.10273450403877459,0.015421251807127348,False
bursty,10,3,bursty_r10_s3,59,1787652380.6580904,0.12201774576482423,0.09660632234668982,0.025411423418134405,False
bursty,10,3,bursty_r10_s3,60,1787652385.7110198,0.12603231023475778,0.10192357173351957,0.02410873850123821,False
bursty,10,3,bursty_r10_s3,61,1787652390.7637322,0.127706666948419,0.0969341077101388,0.030772559238280206,False
bursty,10,3,bursty_r10_s3,62,1787652395.8185444,0.13083029402669333,0.08447784754412088,0.046352446482572446,False
bursty,10,3,bursty_r10_s3,63,1787652400.8742044,0.10456850329813155,0.08957230047797084,0.014996202820160717,False
bursty,10,3,bursty_r10_s3,64,1787652405.931302,0.10598758214935662,0.09271564931644195,0.013271932832914668,False
bursty,10,3,bursty_r10_s3,65,1787652411.0736902,0.10570455186973822,0.09381992074790284,0.011884631121835382,False
bursty,10,3,bursty_r10_s3,66,1787652416.1329756,0.09907202962893698,0.0872625490788796,0.011809480550057372,False
bursty,10,3,bursty_r10_s3,67,1787652421.245536,0.0909521385035256,0.07879241453248394,0.012159723971041661,False
bursty,10,3,bursty_r10_s3,68,1787652426.3005557,0.08361933695343919,0.08296143286740076,0.0006579040860384272,False
bursty,10,3,bursty_r10_s3,69,1787652431.6626534,0.10483048998257322,0.08662201730026045,0.018208472682312765,False
bursty,10,3,bursty_r10_s3,70,1787652436.7530239,0.12344494102489857,0.09376167887149808,0.02968326215340049,False
bursty,10,3,bursty_r10_s3,71,1787652441.8443892,0.13923955929165216,0.09006578419037131,0.04917377510128085,False
bursty,10,3,bursty_r10_s3,72,1787652446.912427,0.1573256028893338,0.08638652008259336,0.07093908280674045,False
bursty,10,3,bursty_r10_s3,73,1787652452.0060856,0.18303388119263989,0.098356613229812,0.08467726796282789,False
bursty,10,3,bursty_r10_s3,74,1787652457.06865,0.19914587243087442,0.10582618717756577,0.09331968525330865,False
bursty,10,3,bursty_r10_s3,75,1787652462.1292763,0.14048932594730343,0.11468062845201049,0.025808697495292937,False
bursty,10,3,bursty_r10_s3,76,1787652467.2279654,0.14227647988646003,0.11627888080352418,0.02599759908293585,False
bursty,10,3,bursty_r10_s3,77,1787652472.29326,0.15324594335128167,0.12601557206888583,0.027230371282395832,False
bursty,10,3,bursty_r10_s3,78,1787652477.3580444,0.16073418418998364,0.13229448154566617,0.02843970264431747,False
bursty,10,3,bursty_r10_s3,79,1787652482.428549,0.16131410545908365,0.13299976318032472,0.028314342278758925,False
bursty,10,3,bursty_r10_s3,80,1787652487.49922,0.1631372665409954,0.1360085792954528,0.0271286872455426,False
bursty,10,3,bursty_r10_s3,81,1787652492.5654607,0.1358374141437609,0.1358374141437609,0.0,False
bursty,10,3,bursty_r10_s3,82,1787652497.668597,0.13987728075304712,0.13987728075304712,0.0,False
bursty,10,3,bursty_r10_s3,83,1787652502.7385886,0.13903474614910472,0.13903474614910472,0.0,False
bursty,10,3,bursty_r10_s3,84,1787652507.81262,0.13181325720814976,0.13181325720814976,0.0,False
bursty,10,3,bursty_r10_s3,85,1787652512.8846972,0.12190706771861673,0.12190706771861673,0.0,False
bursty,10,4,bursty_r10_s4,1,1787653284.339626,1.63717876461702e-05,1.488284874481213e-05,1.4889389013580686e-06,False
bursty,10,4,bursty_r10_s4,2,1787653289.3469183,0.0109848295760964,0.009952492741380398,0.0010323368347160012,False
bursty,10,4,bursty_r10_s4,3,1787653294.3520446,0.02131223940257098,0.02131223940257098,0.0,False
bursty,10,4,bursty_r10_s4,4,1787653299.3622453,0.03943128092444948,0.03943128092444948,0.0,False
bursty,10,4,bursty_r10_s4,5,1787653304.3806145,0.060373929583190974,0.060373929583190974,0.0,False
bursty,10,4,bursty_r10_s4,6,1787653309.4032495,0.07734781857664921,0.07734781857664921,0.0,False
bursty,10,4,bursty_r10_s4,7,1787653314.4622974,0.09397692157418598,0.09397692157418598,0.0,False
bursty,10,4,bursty_r10_s4,8,1787653319.5169888,0.11270864036939257,0.11270864036939257,0.0,False
bursty,10,4,bursty_r10_s4,9,1787653324.5416718,0.12988179417104526,0.12988179417104526,0.0,False
bursty,10,4,bursty_r10_s4,10,1787653329.5963163,0.14467699947324908,0.14467699947324908,0.0,False
bursty,10,4,bursty_r10_s4,11,1787653334.609966,0.1515743730415392,0.1515743730415392,0.0,False
bursty,10,4,bursty_r10_s4,12,1787653339.6404757,0.15263353577721164,0.15263353577721164,0.0,False
bursty,10,4,bursty_r10_s4,13,1787653344.6563153,0.1501034514905936,0.1501034514905936,0.0,False
bursty,10,4,bursty_r10_s4,14,1787653349.6703959,0.14057098686954142,0.14057098686954142,0.0,False
bursty,10,4,bursty_r10_s4,15,1787653354.9629624,0.1300909808784029,0.1300909808784029,0.0,False
bursty,10,4,bursty_r10_s4,16,1787653359.9809766,0.11594773558699376,0.11594773558699376,0.0,False
bursty,10,4,bursty_r10_s4,17,1787653364.9997249,0.13873507427084364,0.11976473118392197,0.018970343086921665,False
bursty,10,4,bursty_r10_s4,18,1787653370.285242,0.12354289405852811,0.11365360513174773,0.009889288926780385,True
bursty,10,4,bursty_r10_s4,19,1787653375.308059,0.1530290407346554,0.1408022979432206,0.012226742791434791,True
bursty,10,4,bursty_r10_s4,20,1787653380.3286378,0.18058519075051113,0.16616300078868726,0.014422189961823872,True
bursty,10,4,bursty_r10_s4,21,1787653385.3575058,0.19629773042392692,0.180623694658325,0.015674035765601918,True
bursty,10,4,bursty_r10_s4,22,1787653390.3760507,0.21232627175389507,0.19539411305158666,0.01693215870230841,True
bursty,10,4,bursty_r10_s4,23,1787653395.3985405,0.21983927870740064,0.202324294861659,0.017514983845741627,True
bursty,10,4,bursty_r10_s4,24,1787653400.4201908,0.2107006225338861,0.2107006225338861,0.0,True
bursty,10,4,bursty_r10_s4,25,1787653405.4584758,0.21338107797907518,0.21338107797907518,0.0,True
bursty,10,4,bursty_r10_s4,26,1787653410.4839795,0.21740137877090374,0.21740137877090374,0.0,True
bursty,10,4,bursty_r10_s4,27,1787653415.5110326,0.22018354622014702,0.22018354622014702,0.0,True
bursty,10,4,bursty_r10_s4,28,1787653420.5511944,0.2141680076946528,0.2141680076946528,0.0,True
bursty,10,4,bursty_r10_s4,29,1787653425.5789952,0.2010593952022174,0.2010593952022174,0.0,True
bursty,10,4,bursty_r10_s4,30,1787653430.6062267,0.18386853701322867,0.18386853701322867,0.0,True
bursty,10,4,bursty_r10_s4,31,1787653435.6364644,0.15691638544267267,0.15691638544267267,0.0,True
bursty,10,4,bursty_r10_s4,32,1787653440.667753,0.1312061909742527,0.1312061909742527,0.0,True
bursty,10,4,bursty_r10_s4,33,1787653445.7291408,0.11614593160703197,0.11614593160703197,0.0,True
bursty,10,4,bursty_r10_s4,34,1787653450.762081,0.0976205813347751,0.0976205813347751,0.0,True
bursty,10,4,bursty_r10_s4,35,1787653455.802411,0.09125556951751328,0.08835486596853828,0.002900703548974995,True
bursty,10,4,bursty_r10_s4,36,1787653460.835745,0.10258468391461188,0.08814998895061421,0.014434694963997671,True
bursty,10,4,bursty_r10_s4,37,1787653465.8726847,0.09654811657735522,0.07010189665621668,0.026446219921138547,True
bursty,10,4,bursty_r10_s4,38,1787653470.9415095,0.10863295054169574,0.07084991667160447,0.03778303387009127,True
bursty,10,4,bursty_r10_s4,39,1787653475.9767566,0.11640484428351919,0.07563772989977496,0.040767114383744224,True
bursty,10,4,bursty_r10_s4,40,1787653481.029172,0.11683709431995198,0.07678632926701784,0.040050765052934145,True
bursty,10,4,bursty_r10_s4,41,1787653486.1009328,0.11532152821958126,0.07570912470757374,0.039612403512007524,True
bursty,10,4,bursty_r10_s4,42,1787653491.1661432,0.11647087497113637,0.07686282396976381,0.03960805100137256,True
bursty,10,4,bursty_r10_s4,43,1787653496.2049506,0.0818439695823363,0.0818439695823363,0.0,False
bursty,10,4,bursty_r10_s4,44,1787653501.2461274,0.08716369422959785,0.08716369422959785,0.0,False
bursty,10,4,bursty_r10_s4,45,1787653506.2882395,0.09280234345013748,0.09280234345013748,0.0,False
bursty,10,4,bursty_r10_s4,46,1787653511.335094,0.10074839038288062,0.10074839038288062,0.0,False
bursty,10,4,bursty_r10_s4,47,1787653516.3779993,0.10319897071408358,0.10319897071408358,0.0,False
bursty,10,4,bursty_r10_s4,48,1787653521.4213986,0.09952525776359289,0.09952525776359289,0.0,False
bursty,10,4,bursty_r10_s4,49,1787653526.4639502,0.09517368298945582,0.09517368298945582,0.0,False
bursty,10,4,bursty_r10_s4,50,1787653531.5057025,0.08773100223218919,0.08773100223218919,0.0,False
bursty,10,4,bursty_r10_s4,51,1787653536.5525846,0.1045052326057785,0.1045052326057785,0.0,False
bursty,10,4,bursty_r10_s4,52,1787653541.5985706,0.11583438492267904,0.10663845469070181,0.009195930231977234,False
bursty,10,4,bursty_r10_s4,53,1787653546.661001,0.09988931596539792,0.09988931596539792,0.0,True
bursty,10,4,bursty_r10_s4,54,1787653551.7358,0.10225981335884661,0.09684768712416503,0.005412126234681583,True
bursty,10,4,bursty_r10_s4,55,1787653556.8200996,0.10980023255026565,0.09943733596242338,0.010362896587842271,True
bursty,10,4,bursty_r10_s4,56,1787653561.8674076,0.12051241064474778,0.10423212090237108,0.016280289742376705,True
bursty,10,4,bursty_r10_s4,57,1787653566.918432,0.13053915639446967,0.09182148154979988,0.038717674844669786,True
bursty,10,4,bursty_r10_s4,58,1787653571.9944043,0.13392021758578787,0.09377695254670947,0.040143265039078405,True
bursty,10,4,bursty_r10_s4,59,1787653578.319678,0.09589300676967319,0.09589300676967319,0.0,True
bursty,10,4,bursty_r10_s4,60,1787653583.3748593,0.09580811930764296,0.09580811930764296,0.0,True
bursty,10,4,bursty_r10_s4,61,1787653588.4289412,0.09435891443784743,0.09435891443784743,0.0,True
bursty,10,4,bursty_r10_s4,62,1787653593.4845126,0.0859573499525843,0.0859573499525843,0.0,True
bursty,10,4,bursty_r10_s4,63,1787653598.5579934,0.08264062091812352,0.08264062091812352,0.0,True
bursty,10,4,bursty_r10_s4,64,1787653603.6182606,0.09388542875999983,0.09388542875999983,0.0,True
bursty,10,4,bursty_r10_s4,65,1787653608.6766095,0.10407409398062481,0.10407409398062481,0.0,True
bursty,10,4,bursty_r10_s4,66,1787653613.7315998,0.11104875865856537,0.10098339266733652,0.010065365991228842,True
bursty,10,4,bursty_r10_s4,67,1787653618.801118,0.12029412723683133,0.09661410771724938,0.023680019519581957,True
bursty,10,4,bursty_r10_s4,68,1787653623.8567152,0.09847685748596355,0.09847685748596355,0.0,True
bursty,10,4,bursty_r10_s4,69,1787653628.9223146,0.10727758483446428,0.10727758483446428,0.0,True
bursty,10,4,bursty_r10_s4,70,1787653633.994036,0.11775406882467641,0.11775406882467641,0.0,True
bursty,10,4,bursty_r10_s4,71,1787653639.0769603,0.1296925075555412,0.11686895267311002,0.012823554882431185,True
bursty,10,4,bursty_r10_s4,72,1787653644.1515017,0.14402267801288532,0.11380987983334828,0.030212798179537037,True
bursty,10,4,bursty_r10_s4,73,1787653649.2326689,0.1452715063908277,0.11330635293145531,0.031965153459372384,True
bursty,10,4,bursty_r10_s4,74,1787653654.568153,0.17313464633188125,0.10808965097390863,0.06504499535797262,True
bursty,10,4,bursty_r10_s4,75,1787653659.6675591,0.17970229491463818,0.1126527329204215,0.06704956199421669,True
bursty,10,4,bursty_r10_s4,76,1787653664.74405,0.17892366246138075,0.1122646038766752,0.06665905858470556,True
bursty,10,4,bursty_r10_s4,77,1787653669.8126464,0.17957545842937986,0.11163754335404318,0.06793791507533668,True
bursty,10,4,bursty_r10_s4,78,1787653674.9071107,0.17964771064436516,0.11036781500003037,0.06927989564433479,True
bursty,10,4,bursty_r10_s4,79,1787653679.9756198,0.1759921281229007,0.10556949826838752,0.07042262985451317,True
bursty,10,4,bursty_r10_s4,80,1787653685.271842,0.11317999056752505,0.11317999056752505,0.0,False
bursty,10,4,bursty_r10_s4,81,1787653690.3426661,0.11026913525153623,0.11026913525153623,0.0,False
bursty,10,4,bursty_r10_s4,82,1787653695.4239492,0.10803625411683457,0.10803625411683457,0.0,False
bursty,10,4,bursty_r10_s4,83,1787653700.5008342,0.10738892957740247,0.10738892957740247,0.0,False
bursty,10,4,bursty_r10_s4,84,1787653705.8180752,0.10486709563248067,0.09476288075975796,0.010104214872722714,False
bursty,10,4,bursty_r10_s4,85,1787653710.8911848,0.10117572485821047,0.0810377362862801,0.020137988571930374,False
bursty,10,4,bursty_r10_s4,86,1787653715.9608696,0.07685458242426152,0.06866582818765098,0.008188754236610543,False
