tau_id,tau,cond,goodput_req_s,attainment,throughput_req_s,tpot_p99_ms,ttft_p99_s,completed,aborted
T0,0.0,steady_r8_s3,5.341988271450744,0.6714621256605989,7.955755160717637,79.09202529861614,12.697010791301665,3406,0
T0,0.0,steady_r8_s4,4.953921480095688,0.6382660687593423,7.761530375138208,58.79063145319619,5.259650325775123,3345,0
T0,0.0,steady_r10_s3,4.0477280621325535,0.4080056179775281,9.920765508565845,77.21752747511252,4.901882135868072,4272,0
T0,0.0,steady_r10_s4,5.178024123067547,0.5168825161887142,10.017797005881016,77.06790298223505,7.346357336044359,4324,0
T0,0.0,bursty_r8_s3,4.415675480785295,0.5566647093364651,7.932379054617466,124.74638969818145,11.78509353399276,3406,0
T0,0.0,bursty_r8_s4,3.6184734796707883,0.4630792227204783,7.811604464828351,259.10869279328506,8.751637516021727,3344,0
T0,0.0,bursty_r10_s3,4.530088084633408,0.4559925093632959,9.93224138063105,189.48784472311232,12.177768247127528,4271,0
T0,0.0,bursty_r10_s4,3.341417808485415,0.33348751156336726,10.017301793399756,1300.6700332807402,14.843336982727054,4323,0
T1,0.00035,steady_r8_s3,5.879158830211672,0.7384028185554903,7.961994026123641,61.85171874240039,1.7320609807967506,3406,0
T1,0.00035,steady_r8_s4,4.872982388797862,0.6278026905829597,7.761964805013736,65.41030146280922,0.584397325515746,3345,0
T1,0.00035,steady_r10_s3,5.046448176634512,0.5084269662921348,9.925610778352963,79.42715823650359,4.308399858474726,4272,0
T1,0.00035,steady_r10_s4,5.6211980620973465,0.5605920444033302,10.02493367262658,88.66116984089754,5.762544336319042,4323,0
T1,0.00035,bursty_r8_s3,4.5302604590755555,0.5692894891368174,7.955408387391577,110.63995512890509,10.850113201141241,3405,0
T1,0.00035,bursty_r8_s4,4.165177353230885,0.5336322869955157,7.8053323510125,231.35209509304565,8.211624355316145,3345,0
T1,0.00035,bursty_r10_s3,4.0168220521315385,0.4044943820224719,9.93047673999186,197.22501504947158,13.181840040683745,4272,0
T1,0.00035,bursty_r10_s4,2.9210590265097154,0.2913968547641073,10.022014421905952,1208.1095679104371,14.166350877285023,4323,0
T2,0.012859417696566448,steady_r8_s3,6.61427760666371,0.830886670581327,7.960505133673708,51.54933780431744,0.29254391193389845,3406,0
T2,0.012859417696566448,steady_r8_s4,5.037900591017882,0.6484304932735426,7.769376430131313,67.16344299926061,5.123152770996091,3345,0
T2,0.012859417696566448,steady_r10_s3,5.885948105770331,0.5919943820224719,9.94257426170457,57.57814125882255,0.3570643877983093,4272,0
T2,0.012859417696566448,steady_r10_s4,5.766603129678616,0.5749306197964847,10.030085250494906,87.54368901990439,6.801045482158697,4324,0
T2,0.012859417696566448,bursty_r8_s3,4.908354105014331,0.6183206106870229,7.93820231798614,107.8193009045778,10.927892625331863,3406,0
T2,0.012859417696566448,bursty_r8_s4,4.413012389306971,0.5647234678624813,7.814466089058665,183.56968845295856,6.4260358715057375,3345,0
T2,0.012859417696566448,bursty_r10_s3,4.664499399858229,0.4691011235955056,9.943483750595986,191.37142617164588,12.29846307754516,4272,0
T2,0.012859417696566448,bursty_r10_s4,3.775226360029253,0.37349676225716927,10.10778871874086,1489.3788051605256,8.385790438652055,4324,0
T3,0.02595037368602512,steady_r8_s3,6.290806371177512,0.7897827363476219,7.965236617186099,56.49368390440938,3.3885296583175606,3406,0
T3,0.02595037368602512,steady_r8_s4,4.793528150080492,0.6164424514200298,7.776116227943379,72.77985653669936,5.465058221816997,3345,0
T3,0.02595037368602512,steady_r10_s3,5.872558535008788,0.5908239700374532,9.939607789840549,59.19877495903234,0.33715204715728747,4272,0
T3,0.02595037368602512,steady_r10_s4,5.726999286356974,0.5709990749306197,10.02978732855713,86.25356596419775,9.265617151260416,4324,0
T3,0.02595037368602512,bursty_r8_s3,4.784550330771707,0.6004110393423371,7.9664517732409115,108.66703599983549,9.867300510406462,3405,0
T3,0.02595037368602512,bursty_r8_s4,2.793609540127185,0.35874439461883406,7.784858585154423,252.87428782099764,13.503246364593439,3344,0
T3,0.02595037368602512,bursty_r10_s3,4.4868034014849485,0.45224719101123595,9.921130502662372,227.51203251026902,10.672627155780791,4272,0
T3,0.02595037368602512,bursty_r10_s4,3.4423742100377996,0.3406567992599445,10.105109357911369,1012.5229697757314,6.01843388557437,4324,0
T4,0.03916286292302117,steady_r8_s3,6.473308035041099,0.8126834997064005,7.965349410169792,52.98951000527091,0.29339960813522276,3406,0
T4,0.03916286292302117,steady_r8_s4,4.526788053941308,0.5886397608370703,7.690251925055193,78.30167293548581,1.177950229644765,3345,0
T4,0.03916286292302117,steady_r10_s3,6.035294896763757,0.6072097378277154,9.939390824585493,59.320553392171846,0.3566843199729918,4272,0
T4,0.03916286292302117,steady_r10_s4,4.592545660037582,0.4581406105457909,10.024314706715044,99.1407948732381,9.588004763126381,4324,0
T4,0.03916286292302117,bursty_r8_s3,4.1174520009956534,0.5190839694656488,7.932150178388685,123.50552156567568,9.234857714176178,3406,0
T4,0.03916286292302117,bursty_r8_s4,3.6104995447291146,0.4609865470852018,7.832114771153624,248.56002330780018,0.8934547424316405,3345,0
T4,0.03916286292302117,bursty_r10_s3,3.8127863721076247,0.38319288389513106,9.947715696561799,207.43556378073376,9.036335172653196,4271,0
T4,0.03916286292302117,bursty_r10_s4,2.9873577409533625,0.29579093432007403,10.099558148461563,1638.3552047815942,10.12916953802112,4324,0
T5,1000000000.0,steady_r8_s3,5.514286736057802,0.6943628890193776,7.941505548842652,53.699168156493776,0.3141413688659656,3406,0
T5,1000000000.0,steady_r8_s4,5.8634683679221995,0.754559043348281,7.770721747503865,47.660059531529704,0.3000305175781249,3345,0
T5,1000000000.0,steady_r10_s3,4.96228612627937,0.49929775280898875,9.938530863321832,61.407069017489746,0.32989127635955806,4272,0
T5,1000000000.0,steady_r10_s4,5.858979495263604,0.5830249768732655,10.049277008139557,51.448450684547595,0.3015353703498855,4324,0
T5,1000000000.0,bursty_r8_s3,5.863291169652874,0.7389900176159718,7.934195361079734,60.92634315407551,0.3417776226997375,3406,0
T5,1000000000.0,bursty_r8_s4,4.887789916511065,0.6257100149476831,7.811589713678697,134.23028227211773,0.37769266128540036,3345,0
T5,1000000000.0,bursty_r10_s3,5.823428865494997,0.5856741573033708,9.943120748758844,105.88419456425163,0.45733079195022563,4272,0
T5,1000000000.0,bursty_r10_s4,4.569854199359418,0.45420906567992597,10.061125029546906,192.16080497611665,0.46247673749923845,4324,0
