arm,cond,timestamp,model,src,dst,classification,plan_id,shape_before,convergence_gap
cooldown30,steady8s1,1787607886.452763,model_6,1,0,NEW_PLAN_MIGRATION,"(('model_3', 1), ('model_4', 0), ('model_5', 0), ('model_6', 0))",2+2,1
cooldown30,steady8s1,1787607916.7574716,model_6,0,1,NEW_PLAN_MIGRATION,"(('model_3', 1), ('model_4', 0), ('model_5', 0), ('model_6', 1))",1+3,1
cooldown30,steady8s1,1787607948.3370922,model_6,1,0,NEW_PLAN_MIGRATION,"(('model_3', 1), ('model_4', 1), ('model_5', 0), ('model_6', 0))",2+2,2
cooldown30,steady8s1,1787607978.4184785,model_6,0,1,NEW_PLAN_MIGRATION,"(('model_3', 1), ('model_4', 0), ('model_5', 0), ('model_6', 1))",1+3,1
cooldown30,steady8s1,1787608010.5967417,model_6,1,0,NEW_PLAN_MIGRATION,"(('model_3', 1), ('model_4', 1), ('model_5', 0), ('model_6', 0))",2+2,2
cooldown30,steady8s1,1787608041.1625383,model_4,0,1,SWAP_COMPLETION_LEG,"(('model_3', 1), ('model_4', 1), ('model_5', 0), ('model_6', 0))",1+3,1
cooldown30,steady8s1,1787608076.3882182,model_5,0,1,NEW_PLAN_MIGRATION,"(('model_3', 1), ('model_4', 0), ('model_5', 1), ('model_6', 0))",2+2,2
cooldown30,steady8s1,1787608106.5621896,model_5,1,0,NEW_PLAN_MIGRATION,"(('model_3', 1), ('model_4', 1), ('model_5', 0), ('model_6', 0))",1+3,1
cooldown30,steady8s1,1787608138.8126953,model_5,0,1,NEW_PLAN_MIGRATION,"(('model_3', 1), ('model_4', 1), ('model_5', 1), ('model_6', 0))",2+2,1
cooldown30,steady8s2,1787609067.5272422,model_6,1,0,NEW_PLAN_MIGRATION,"(('model_3', 1), ('model_4', 1), ('model_5', 0), ('model_6', 0))",2+2,2
cooldown30,steady8s2,1787609099.243375,model_6,0,1,NEW_PLAN_MIGRATION,"(('model_3', 1), ('model_4', 0), ('model_5', 0), ('model_6', 1))",1+3,1
cooldown30,steady8s2,1787609180.712751,model_4,0,1,NEW_PLAN_MIGRATION,"(('model_3', 1), ('model_4', 1), ('model_5', 0), ('model_6', 0))",2+2,2
cooldown30,steady8s2,1787609210.8882802,model_4,1,0,NEW_PLAN_MIGRATION,"(('model_3', 1), ('model_4', 0), ('model_5', 0), ('model_6', 1))",1+3,1
cooldown30,steady8s2,1787609256.1420496,model_4,0,1,NEW_PLAN_MIGRATION,"(('model_3', 1), ('model_4', 1), ('model_5', 0), ('model_6', 1))",2+2,1
cooldown30,steady8s2,1787609286.381818,model_4,1,0,NEW_PLAN_MIGRATION,"(('model_3', 1), ('model_4', 0), ('model_5', 0), ('model_6', 1))",1+3,1
cooldown30,steady8s2,1787609358.2291777,model_6,1,0,NEW_PLAN_MIGRATION,"(('model_3', 1), ('model_4', 1), ('model_5', 0), ('model_6', 0))",2+2,2
cooldown30,steady8s2,1787609388.5573213,model_6,0,1,NEW_PLAN_MIGRATION,"(('model_3', 1), ('model_4', 0), ('model_5', 0), ('model_6', 1))",1+3,1
cooldown30,steady8s2,1787609459.3355734,model_4,0,1,NEW_PLAN_MIGRATION,"(('model_3', 1), ('model_4', 1), ('model_5', 0), ('model_6', 0))",2+2,2
cooldown30,steady8s2,1787609489.878533,model_6,1,0,SWAP_COMPLETION_LEG,"(('model_3', 1), ('model_4', 1), ('model_5', 0), ('model_6', 0))",1+3,1
cooldown30,steady10s1,1787610244.7481675,model_6,1,0,NEW_PLAN_MIGRATION,"(('model_3', 1), ('model_4', 0), ('model_5', 0), ('model_6', 0))",2+2,1
cooldown30,steady10s1,1787610274.8818693,model_6,0,1,NEW_PLAN_MIGRATION,"(('model_3', 1), ('model_4', 0), ('model_5', 0), ('model_6', 1))",1+3,1
cooldown30,steady10s1,1787610308.5958288,model_4,0,1,NEW_PLAN_MIGRATION,"(('model_3', 1), ('model_4', 1), ('model_5', 0), ('model_6', 0))",2+2,2
cooldown30,steady10s1,1787610338.98414,model_4,1,0,NEW_PLAN_MIGRATION,"(('model_3', 1), ('model_4', 0), ('model_5', 0), ('model_6', 1))",1+3,1
cooldown30,steady10s1,1787610374.19243,model_4,0,1,NEW_PLAN_MIGRATION,"(('model_3', 1), ('model_4', 1), ('model_5', 0), ('model_6', 0))",2+2,2
cooldown30,steady10s1,1787610404.4313362,model_6,1,0,SWAP_COMPLETION_LEG,"(('model_3', 1), ('model_4', 1), ('model_5', 0), ('model_6', 0))",1+3,1
cooldown30,steady10s1,1787610458.8898191,model_5,0,1,NEW_PLAN_MIGRATION,"(('model_3', 1), ('model_4', 0), ('model_5', 1), ('model_6', 0))",2+2,2
cooldown30,steady10s1,1787610489.173493,model_4,1,0,SWAP_COMPLETION_LEG,"(('model_3', 1), ('model_4', 0), ('model_5', 1), ('model_6', 0))",1+3,1
cooldown30,steady10s1,1787610519.482461,model_5,1,0,NEW_PLAN_MIGRATION,"(('model_3', 1), ('model_4', 1), ('model_5', 0), ('model_6', 0))",2+2,2
cooldown30,steady10s1,1787610552.0628297,model_6,0,1,NEW_PLAN_MIGRATION,"(('model_3', 1), ('model_4', 0), ('model_5', 0), ('model_6', 1))",1+3,1
cooldown30,steady10s2,1787620549.66283,model_4,0,1,NEW_PLAN_MIGRATION,"(('model_3', 1), ('model_4', 1), ('model_5', 0), ('model_6', 1))",2+2,1
cooldown30,steady10s2,1787620579.731,model_4,1,0,NEW_PLAN_MIGRATION,"(('model_3', 1), ('model_4', 0), ('model_5', 0), ('model_6', 1))",1+3,1
cooldown30,steady10s2,1787620765.9338882,model_4,0,1,NEW_PLAN_MIGRATION,"(('model_3', 1), ('model_4', 1), ('model_5', 0), ('model_6', 0))",2+2,2
cooldown30,steady10s2,1787620796.604929,model_4,1,0,NEW_PLAN_MIGRATION,"(('model_3', 1), ('model_4', 0), ('model_5', 0), ('model_6', 1))",1+3,1
cooldown30,steady10s2,1787620862.716518,model_4,0,1,NEW_PLAN_MIGRATION,"(('model_3', 1), ('model_4', 1), ('model_5', 0), ('model_6', 1))",2+2,1
cooldown30,steady10s2,1787620893.1213422,model_4,1,0,NEW_PLAN_MIGRATION,"(('model_3', 1), ('model_4', 0), ('model_5', 0), ('model_6', 1))",1+3,1
cooldown0,steady8s1,1787632122.9430425,model_6,1,0,NEW_PLAN_MIGRATION,"(('model_3', 1), ('model_4', 0), ('model_5', 0), ('model_6', 0))",2+2,1
cooldown0,steady8s1,1787632128.2468565,model_4,0,1,NEW_PLAN_MIGRATION,"(('model_3', 1), ('model_4', 1), ('model_5', 0), ('model_6', 0))",1+3,1
cooldown0,steady8s1,1787632133.3504903,model_6,0,1,NEW_PLAN_MIGRATION,"(('model_3', 1), ('model_4', 0), ('model_5', 0), ('model_6', 1))",2+2,2
cooldown0,steady8s1,1787632144.06553,model_4,1,0,SWAP_COMPLETION_LEG,"(('model_3', 1), ('model_4', 0), ('model_5', 0), ('model_6', 1))",1+3,1
cooldown0,steady8s1,1787632154.104499,model_4,0,1,NEW_PLAN_MIGRATION,"(('model_3', 1), ('model_4', 1), ('model_5', 0), ('model_6', 0))",2+2,2
cooldown0,steady8s1,1787632159.1302824,model_6,1,0,SWAP_COMPLETION_LEG,"(('model_3', 1), ('model_4', 1), ('model_5', 0), ('model_6', 0))",1+3,1
cooldown0,steady8s1,1787632204.3865054,model_5,0,1,NEW_PLAN_MIGRATION,"(('model_3', 1), ('model_4', 0), ('model_5', 1), ('model_6', 0))",2+2,2
cooldown0,steady8s1,1787632209.4036674,model_4,1,0,SWAP_COMPLETION_LEG,"(('model_3', 1), ('model_4', 0), ('model_5', 1), ('model_6', 0))",1+3,1
cooldown0,steady8s1,1787632214.4249015,model_3,1,0,NEW_PLAN_MIGRATION,"(('model_3', 0), ('model_4', 1), ('model_5', 1), ('model_6', 0))",2+2,2
cooldown0,steady8s1,1787632219.4699776,model_4,0,1,SWAP_COMPLETION_LEG,"(('model_3', 0), ('model_4', 1), ('model_5', 1), ('model_6', 0))",1+3,1
cooldown0,steady8s1,1787632224.4874408,model_4,1,0,NEW_PLAN_MIGRATION,"(('model_3', 0), ('model_4', 0), ('model_5', 1), ('model_6', 1))",2+2,2
cooldown0,steady8s1,1787632229.5050235,model_6,0,1,SWAP_COMPLETION_LEG,"(('model_3', 0), ('model_4', 0), ('model_5', 1), ('model_6', 1))",1+3,1
cooldown0,steady8s2,1787632731.1731691,model_6,1,0,NEW_PLAN_MIGRATION,"(('model_3', 1), ('model_4', 1), ('model_5', 0), ('model_6', 0))",2+2,2
cooldown0,steady8s2,1787632737.4785883,model_6,0,1,NEW_PLAN_MIGRATION,"(('model_3', 1), ('model_4', 0), ('model_5', 0), ('model_6', 1))",1+3,1
cooldown0,steady8s2,1787632743.5725222,model_4,0,1,NEW_PLAN_MIGRATION,"(('model_3', 1), ('model_4', 1), ('model_5', 0), ('model_6', 1))",2+2,1
cooldown0,steady8s2,1787632804.0148556,model_4,1,0,NEW_PLAN_MIGRATION,"(('model_3', 1), ('model_4', 0), ('model_5', 0), ('model_6', 1))",1+3,1
cooldown0,steady8s2,1787632814.0466692,model_4,0,1,NEW_PLAN_MIGRATION,"(('model_3', 1), ('model_4', 1), ('model_5', 0), ('model_6', 0))",2+2,2
cooldown0,steady8s2,1787632819.0696194,model_4,1,0,NEW_PLAN_MIGRATION,"(('model_3', 1), ('model_4', 0), ('model_5', 0), ('model_6', 1))",1+3,1
cooldown0,steady8s2,1787632829.120266,model_4,0,1,NEW_PLAN_MIGRATION,"(('model_3', 1), ('model_4', 1), ('model_5', 0), ('model_6', 1))",2+2,1
cooldown0,steady8s2,1787632839.1517444,model_4,1,0,NEW_PLAN_MIGRATION,"(('model_3', 1), ('model_4', 0), ('model_5', 0), ('model_6', 1))",1+3,1
cooldown0,steady8s2,1787632849.190263,model_4,0,1,NEW_PLAN_MIGRATION,"(('model_3', 1), ('model_4', 1), ('model_5', 0), ('model_6', 1))",2+2,1
cooldown0,steady8s2,1787632949.8698468,model_4,1,0,NEW_PLAN_MIGRATION,"(('model_3', 1), ('model_4', 0), ('model_5', 0), ('model_6', 1))",1+3,1
cooldown0,steady8s2,1787632965.0251708,model_4,0,1,NEW_PLAN_MIGRATION,"(('model_3', 1), ('model_4', 1), ('model_5', 0), ('model_6', 0))",2+2,2
cooldown0,steady8s2,1787632971.8328836,model_6,1,0,SWAP_COMPLETION_LEG,"(('model_3', 1), ('model_4', 1), ('model_5', 0), ('model_6', 0))",1+3,1
cooldown0,steady8s2,1787632976.8651326,model_6,0,1,NEW_PLAN_MIGRATION,"(('model_3', 1), ('model_4', 1), ('model_5', 0), ('model_6', 1))",2+2,1
cooldown0,steady8s2,1787632984.1591175,model_4,1,0,NEW_PLAN_MIGRATION,"(('model_3', 1), ('model_4', 0), ('model_5', 0), ('model_6', 1))",1+3,1
cooldown0,steady8s2,1787632991.0983396,model_6,1,0,NEW_PLAN_MIGRATION,"(('model_3', 1), ('model_4', 1), ('model_5', 0), ('model_6', 0))",2+2,2
cooldown0,steady8s2,1787633021.0558271,model_4,0,1,SWAP_COMPLETION_LEG,"(('model_3', 1), ('model_4', 1), ('model_5', 0), ('model_6', 0))",1+3,1
cooldown0,steady8s2,1787633026.1206307,model_6,0,1,NEW_PLAN_MIGRATION,"(('model_3', 1), ('model_4', 0), ('model_5', 0), ('model_6', 1))",2+2,2
cooldown0,steady8s2,1787633052.663158,model_4,1,0,SWAP_COMPLETION_LEG,"(('model_3', 1), ('model_4', 0), ('model_5', 0), ('model_6', 1))",1+3,1
cooldown0,steady8s2,1787633113.415759,model_3,1,0,NEW_PLAN_MIGRATION,"(('model_3', 0), ('model_4', 0), ('model_5', 0), ('model_6', 1))",2+2,1
cooldown0,steady8s2,1787633130.2604327,model_4,0,1,NEW_PLAN_MIGRATION,"(('model_3', 0), ('model_4', 1), ('model_5', 0), ('model_6', 1))",1+3,1
cooldown0,steady8s2,1787633145.4190993,model_3,0,1,NEW_PLAN_MIGRATION,"(('model_3', 1), ('model_4', 0), ('model_5', 0), ('model_6', 1))",2+2,2
cooldown0,steady8s2,1787633151.5602274,model_4,1,0,SWAP_COMPLETION_LEG,"(('model_3', 1), ('model_4', 0), ('model_5', 0), ('model_6', 1))",1+3,1
cooldown0,steady8s2,1787633156.6105967,model_4,0,1,NEW_PLAN_MIGRATION,"(('model_3', 1), ('model_4', 1), ('model_5', 0), ('model_6', 0))",2+2,2
cooldown0,steady10s1,1787633340.027755,model_3,1,0,NEW_PLAN_MIGRATION,"(('model_3', 0), ('model_4', 1), ('model_5', 0), ('model_6', 1))",2+2,2
cooldown0,steady10s1,1787633345.0319414,model_3,0,1,NEW_PLAN_MIGRATION,"(('model_3', 1), ('model_4', 0), ('model_5', 0), ('model_6', 1))",1+3,1
cooldown0,steady10s1,1787633375.1461353,model_4,0,1,NEW_PLAN_MIGRATION,"(('model_3', 1), ('model_4', 1), ('model_5', 0), ('model_6', 0))",2+2,2
cooldown0,steady10s1,1787633380.1544473,model_4,1,0,NEW_PLAN_MIGRATION,"(('model_3', 1), ('model_4', 0), ('model_5', 0), ('model_6', 1))",1+3,1
cooldown0,steady10s1,1787633385.1643088,model_4,0,1,NEW_PLAN_MIGRATION,"(('model_3', 1), ('model_4', 1), ('model_5', 0), ('model_6', 0))",2+2,2
cooldown0,steady10s1,1787633390.174727,model_6,1,0,SWAP_COMPLETION_LEG,"(('model_3', 1), ('model_4', 1), ('model_5', 0), ('model_6', 0))",1+3,1
cooldown0,steady10s1,1787633406.33528,model_6,0,1,NEW_PLAN_MIGRATION,"(('model_3', 1), ('model_4', 0), ('model_5', 0), ('model_6', 1))",2+2,2
cooldown0,steady10s1,1787633413.8915868,model_4,1,0,SWAP_COMPLETION_LEG,"(('model_3', 1), ('model_4', 0), ('model_5', 0), ('model_6', 1))",1+3,1
cooldown0,steady10s1,1787633418.968172,model_4,0,1,NEW_PLAN_MIGRATION,"(('model_3', 1), ('model_4', 1), ('model_5', 0), ('model_6', 0))",2+2,2
cooldown0,steady10s1,1787633424.0193112,model_6,1,0,SWAP_COMPLETION_LEG,"(('model_3', 1), ('model_4', 1), ('model_5', 0), ('model_6', 0))",1+3,1
cooldown0,steady10s1,1787633435.2879496,model_6,0,1,NEW_PLAN_MIGRATION,"(('model_3', 1), ('model_4', 0), ('model_5', 0), ('model_6', 1))",2+2,2
cooldown0,steady10s1,1787633445.5480192,model_6,1,0,NEW_PLAN_MIGRATION,"(('model_3', 1), ('model_4', 1), ('model_5', 0), ('model_6', 0))",1+3,1
cooldown0,steady10s1,1787633450.577971,model_6,0,1,NEW_PLAN_MIGRATION,"(('model_3', 1), ('model_4', 0), ('model_5', 0), ('model_6', 1))",2+2,2
cooldown0,steady10s1,1787633455.600087,model_4,1,0,SWAP_COMPLETION_LEG,"(('model_3', 1), ('model_4', 0), ('model_5', 0), ('model_6', 1))",1+3,1
cooldown0,steady10s1,1787633460.622473,model_4,0,1,NEW_PLAN_MIGRATION,"(('model_3', 1), ('model_4', 1), ('model_5', 0), ('model_6', 0))",2+2,2
cooldown0,steady10s1,1787633475.7053547,model_3,1,0,NEW_PLAN_MIGRATION,"(('model_3', 0), ('model_4', 1), ('model_5', 0), ('model_6', 1))",1+3,1
cooldown0,steady10s1,1787633485.762146,model_4,1,0,NEW_PLAN_MIGRATION,"(('model_3', 0), ('model_4', 0), ('model_5', 1), ('model_6', 1))",2+2,2
cooldown0,steady10s1,1787633490.78802,model_4,0,1,NEW_PLAN_MIGRATION,"(('model_3', 0), ('model_4', 1), ('model_5', 0), ('model_6', 1))",1+3,1
cooldown0,steady10s1,1787633500.8496566,model_3,0,1,NEW_PLAN_MIGRATION,"(('model_3', 1), ('model_4', 0), ('model_5', 0), ('model_6', 1))",2+2,2
cooldown0,steady10s1,1787633505.8780951,model_4,1,0,SWAP_COMPLETION_LEG,"(('model_3', 1), ('model_4', 0), ('model_5', 0), ('model_6', 1))",1+3,1
cooldown0,steady10s1,1787633510.9073884,model_4,0,1,NEW_PLAN_MIGRATION,"(('model_3', 1), ('model_4', 1), ('model_5', 0), ('model_6', 0))",2+2,2
cooldown0,steady10s1,1787633515.9381003,model_4,1,0,NEW_PLAN_MIGRATION,"(('model_3', 1), ('model_4', 0), ('model_5', 0), ('model_6', 1))",1+3,1
cooldown0,steady10s1,1787633520.969762,model_4,0,1,NEW_PLAN_MIGRATION,"(('model_3', 1), ('model_4', 1), ('model_5', 0), ('model_6', 0))",2+2,2
cooldown0,steady10s1,1787633546.20183,model_4,1,0,NEW_PLAN_MIGRATION,"(('model_3', 1), ('model_4', 0), ('model_5', 0), ('model_6', 1))",1+3,1
cooldown0,steady10s1,1787633551.2390747,model_3,1,0,NEW_PLAN_MIGRATION,"(('model_3', 0), ('model_4', 1), ('model_5', 0), ('model_6', 1))",2+2,2
cooldown0,steady10s1,1787633556.2739336,model_4,0,1,SWAP_COMPLETION_LEG,"(('model_3', 0), ('model_4', 1), ('model_5', 0), ('model_6', 1))",1+3,1
cooldown0,steady10s1,1787633561.311181,model_4,1,0,NEW_PLAN_MIGRATION,"(('model_3', 0), ('model_4', 0), ('model_5', 1), ('model_6', 1))",2+2,2
cooldown0,steady10s1,1787633566.34829,model_5,0,1,SWAP_COMPLETION_LEG,"(('model_3', 0), ('model_4', 0), ('model_5', 1), ('model_6', 1))",1+3,1
cooldown0,steady10s2,1787633944.0669515,model_4,0,1,NEW_PLAN_MIGRATION,"(('model_3', 1), ('model_4', 1), ('model_5', 0), ('model_6', 1))",2+2,1
cooldown0,steady10s2,1787633964.1605656,model_4,1,0,NEW_PLAN_MIGRATION,"(('model_3', 1), ('model_4', 0), ('model_5', 0), ('model_6', 1))",1+3,1
cooldown0,steady10s2,1787633994.2850893,model_4,0,1,NEW_PLAN_MIGRATION,"(('model_3', 1), ('model_4', 1), ('model_5', 0), ('model_6', 1))",2+2,1
cooldown0,steady10s2,1787634004.340849,model_4,1,0,NEW_PLAN_MIGRATION,"(('model_3', 1), ('model_4', 0), ('model_5', 0), ('model_6', 1))",1+3,1
cooldown0,steady10s2,1787634014.3724928,model_4,0,1,NEW_PLAN_MIGRATION,"(('model_3', 1), ('model_4', 1), ('model_5', 0), ('model_6', 0))",2+2,2
cooldown0,steady10s2,1787634019.404268,model_4,1,0,NEW_PLAN_MIGRATION,"(('model_3', 1), ('model_4', 0), ('model_5', 0), ('model_6', 1))",1+3,1
cooldown0,steady10s2,1787634145.3849437,model_4,0,1,NEW_PLAN_MIGRATION,"(('model_3', 1), ('model_4', 1), ('model_5', 0), ('model_6', 1))",2+2,1
cooldown0,steady10s2,1787634155.4703252,model_4,1,0,NEW_PLAN_MIGRATION,"(('model_3', 1), ('model_4', 0), ('model_5', 0), ('model_6', 1))",1+3,1
cooldown0,steady10s2,1787634160.5137763,model_6,1,0,NEW_PLAN_MIGRATION,"(('model_3', 1), ('model_4', 1), ('model_5', 0), ('model_6', 0))",2+2,2
cooldown0,steady10s2,1787634165.5513537,model_4,0,1,SWAP_COMPLETION_LEG,"(('model_3', 1), ('model_4', 1), ('model_5', 0), ('model_6', 0))",1+3,1
cooldown0,steady10s2,1787634180.679001,model_6,0,1,NEW_PLAN_MIGRATION,"(('model_3', 1), ('model_4', 0), ('model_5', 0), ('model_6', 1))",2+2,2
cooldown0,steady10s2,1787634190.8225331,model_4,1,0,SWAP_COMPLETION_LEG,"(('model_3', 1), ('model_4', 0), ('model_5', 0), ('model_6', 1))",1+3,1
cooldown0,steady10s2,1787634256.5430138,model_4,0,1,NEW_PLAN_MIGRATION,"(('model_3', 1), ('model_4', 1), ('model_5', 0), ('model_6', 1))",2+2,1
cooldown0,steady10s2,1787634271.7195408,model_4,1,0,NEW_PLAN_MIGRATION,"(('model_3', 1), ('model_4', 0), ('model_5', 0), ('model_6', 1))",1+3,1
cooldown0,steady10s2,1787634297.0858803,model_4,0,1,NEW_PLAN_MIGRATION,"(('model_3', 1), ('model_4', 1), ('model_5', 0), ('model_6', 1))",2+2,1
cooldown0,steady10s2,1787634312.2798684,model_4,1,0,NEW_PLAN_MIGRATION,"(('model_3', 1), ('model_4', 0), ('model_5', 0), ('model_6', 1))",1+3,1
cooldown0,steady10s2,1787634337.6333387,model_4,0,1,NEW_PLAN_MIGRATION,"(('model_3', 1), ('model_4', 1), ('model_5', 0), ('model_6', 0))",2+2,2
cooldown0,steady10s2,1787634342.6991694,model_4,1,0,NEW_PLAN_MIGRATION,"(('model_3', 1), ('model_4', 0), ('model_5', 0), ('model_6', 1))",1+3,1
