estimator,workload,rate,seed,cond,residency,coloc_seconds,n_requests,slo_pass,attainment,qwen7b_tpot_p50,qwen7b_tpot_p95,qwen7b_tpot_p99,qwen7b_itl_p99,llama8b_tpot_p50,llama8b_tpot_p95,llama8b_itl_p99,agg_tpot_p50,ttft_p95,ttft_p99
OLD,bursty,2,1,bursty_r2_s1,LARGE_COLOCATED,150.6,298,287,0.9631,0.030580332723714538,0.03464693076470319,0.04571346853908743,0.09530857563018799,0.03134402998012903,0.033848741063017475,0.09393835067749023,0.02897041631500106,0.19924933910369866,2.7025490069389284
OLD,bursty,2,1,bursty_r2_s1,LARGE_SEPARATED,150.6,591,525,0.8883,0.017259393419538225,0.03249807227711651,0.04223452011744178,0.07639298439025799,0.019924240861027863,0.031169758449133743,0.08036535501480102,0.01816134876675076,3.882941961288452,18.961633586883547
OLD,bursty,2,2,bursty_r2_s2,LARGE_COLOCATED,90.2,179,174,0.9721,0.01638700970974953,0.02902940795535132,0.03489604238479857,0.06721615791320801,0.016259573488281533,0.029443977840485122,0.07371933937072754,0.014842811521593032,0.18404443264007547,2.396320104598999
OLD,bursty,2,2,bursty_r2_s2,LARGE_SEPARATED,90.2,649,598,0.9214,0.018439383733840214,0.03068634420633316,0.045967926532030114,0.0980367660522461,0.018227153881029648,0.03173553262826903,0.0907281732559204,0.01823462149947162,1.406697416305543,6.3942866706847905
OLD,bursty,4,1,bursty_r4_s1,LARGE_COLOCATED,181.0,691,512,0.741,0.03449327343453963,0.049065749609717435,0.05966200679540634,0.1563229465484619,0.03673431065377839,0.055108308241419164,0.1592184019088745,0.027127830605757863,0.25834882259368896,2.8723441600799724
OLD,bursty,4,1,bursty_r4_s1,LARGE_SEPARATED,181.0,1051,918,0.8735,0.02551177591085434,0.03704100812474887,0.05432951368391516,0.1264026165008545,0.01834421922385944,0.03214805234562267,0.09107953310012817,0.02170248878629584,2.1481966972351074,7.924817204475403
OLD,bursty,4,2,bursty_r4_s2,LARGE_COLOCATED,291.5,1104,979,0.8868,0.018106904896822842,0.04966404189749092,0.05606130313928115,0.10618677139282226,0.018314360311279847,0.04580864449357657,0.10767912864685059,0.01772811415599956,0.4187583565711971,4.381554257869736
OLD,bursty,4,2,bursty_r4_s2,LARGE_SEPARATED,291.5,465,423,0.9097,0.030020127118347898,0.036626113567155665,0.04374091893434533,0.1327322769165039,0.02207423902693249,0.03362000106196655,0.11767315864562988,0.02743128550949917,0.3109724044799809,9.459906024932875
OLD,bursty,6,1,bursty_r6_s1,LARGE_COLOCATED,35.1,216,175,0.8102,0.01882650123702155,0.032060474157333374,0.03223853707313538,0.08616175174713135,0.021301552653312683,0.09347682577190972,0.20010262966156006,0.019467214416728648,1.319953203201294,7.618512105941768
OLD,bursty,6,1,bursty_r6_s1,LARGE_SEPARATED,35.1,2368,1668,0.7044,0.021370947981874146,0.04280983476589123,0.05258665331478774,0.1442890167236328,0.029704183340072632,0.06469399831865136,0.15905261039733887,0.024216634113443936,48.44890452623368,55.31161896705627
OLD,bursty,6,2,bursty_r6_s2,LARGE_COLOCATED,210.9,1265,1159,0.9162,0.021631581442696706,0.05321504306048157,0.1918246760964383,0.16158838748931886,0.019786862277260644,0.03519133326186929,0.11041402339935302,0.01945191138499492,0.3241457462310779,5.379503469467145
OLD,bursty,6,2,bursty_r6_s2,LARGE_SEPARATED,210.9,1257,978,0.778,0.03557039442516509,0.09306963235139824,0.2035275498558494,0.2141568899154663,0.01994433348206268,0.03289348537507265,0.1063978910446167,0.022567045120965867,6.696634244918826,12.957351837158205
OLD,bursty,8,1,bursty_r8_s1,LARGE_COLOCATED,61.7,476,136,0.2857,0.03809863328933716,0.05874188229189082,0.07417088790943749,0.21216368436813354,0.050226930528879166,0.11854835170859711,0.3079783368110657,0.04249647643091609,9.845112562179565,15.599809885025024
OLD,bursty,8,1,bursty_r8_s1,LARGE_SEPARATED,61.7,2895,2042,0.7054,0.022255332451167068,0.046889449022592795,0.059352393156546494,0.16616446018218994,0.03884677079259133,0.2543735031311103,0.3339254856109619,0.023887649178504944,7.049971222877511,33.229297122955316
OLD,bursty,8,2,bursty_r8_s2,LARGE_COLOCATED,232.9,1839,1381,0.751,0.05892946320029842,0.40046551879998793,0.6287225526240138,0.6175708770751953,0.023883561107599847,0.040219217062969034,0.15910227298736573,0.0237332180681999,9.239637422561628,13.569221496582028
OLD,bursty,8,2,bursty_r8_s2,LARGE_SEPARATED,232.9,1479,1176,0.7951,0.02270915234243279,0.037935066104331276,0.04563995316624641,0.1404475688934326,0.030947146877165762,0.04640570549610454,0.17569684982299805,0.02435489576690051,0.24215588569641106,3.1913801574707126
OLD,bursty,10,1,bursty_r10_s1,LARGE_COLOCATED,128.1,1263,845,0.669,0.03838227689266205,0.07254453549782429,0.11207440048456195,0.312414083480835,0.04791734245453072,0.059361004600158106,0.24671322822570801,0.02056334912776947,5.352500414848357,16.502936129570013
OLD,bursty,10,1,bursty_r10_s1,LARGE_SEPARATED,128.1,2876,1664,0.5786,0.03068098786700467,0.06022878126664593,0.08477484464645385,0.24429941177368164,0.03152545089395637,0.06273939707062463,0.23081684112548828,0.02943086101855106,4.872550308704376,11.48573386669159
OLD,bursty,10,2,bursty_r10_s2,LARGE_COLOCATED,266.2,2632,1742,0.6619,0.05764920810858409,0.49091204255819343,0.8401925170421581,1.0674963188171387,0.026897390683492024,0.0558493759350429,0.19921374320983887,0.027051302864003278,9.532409703731526,16.572105007171636
OLD,bursty,10,2,bursty_r10_s2,LARGE_SEPARATED,266.2,1548,1109,0.7164,0.030850606806137982,0.06466967138377103,0.10332783102989189,0.22988629341125488,0.025801380912026207,0.0401340052485466,0.1486036777496338,0.028317138254642486,0.6683962345123441,6.228055248260498
OLD,steady,2,1,steady_r2_s1,LARGE_COLOCATED,140.8,287,197,0.6864,0.03201313068469365,0.04666424747449399,0.050837007832747895,0.1259770393371582,0.03144448756107262,0.043867023902048566,0.10209774971008301,0.029819981257120768,3.067352914810176,12.292244892120356
OLD,steady,2,1,steady_r2_s1,LARGE_SEPARATED,140.8,602,369,0.613,0.03836808047997646,0.04639943734459255,0.05665728077327503,0.145125150680542,0.018606317007070616,0.03478313122956167,0.08825809478759766,0.031760924571269264,0.2266788721084597,4.561775896549232
OLD,steady,2,2,steady_r2_s2,LARGE_COLOCATED,90.4,173,130,0.7514,0.03062163349845902,0.04568414104474613,0.05166283456342562,0.11701498031616106,0.030166832862361784,0.04613827042442432,0.11036363601684554,0.026111446727405896,3.0241874694824302,12.022321929931644
OLD,steady,2,2,steady_r2_s2,LARGE_SEPARATED,90.4,655,568,0.8672,0.02618027067719362,0.04153244176248865,0.04826887264847755,0.09454503297805811,0.019701534509658815,0.03976734010220477,0.08620352268218932,0.025213724623123806,0.21718847751617398,6.434910035133375
OLD,steady,4,1,steady_r4_s1,LARGE_COLOCATED,191.9,756,429,0.5675,0.03862601604809364,0.06557423621416092,0.09064328297972651,0.18875017166137922,0.035340957685286625,0.04658984330793221,0.13511395454406738,0.03341149818152189,2.9910961389541626,11.313609397411406
OLD,steady,4,1,steady_r4_s1,LARGE_SEPARATED,191.9,986,629,0.6379,0.03587293447483154,0.05495261015260922,0.07998253014352609,0.18349600553512574,0.026043233417329333,0.041891053318977356,0.09940882682800334,0.029342415121694408,2.556208848953247,11.916743993759138
OLD,steady,4,2,steady_r4_s2,LARGE_COLOCATED,60.2,223,103,0.4619,0.038269080221652985,0.04795720034411975,0.051273322353760364,0.17078089714050293,0.0448051761629652,0.05762193993880198,0.17416715621948242,0.033875102088564917,8.383023238182075,13.921452007293704
OLD,steady,4,2,steady_r4_s2,LARGE_SEPARATED,60.2,1346,1000,0.7429,0.032684504985809326,0.04516355251518503,0.05971433053414032,0.12809076547622758,0.022999326698482037,0.0353962779045105,0.10846890926361083,0.029064614941754677,0.23362451791763306,4.748286569118456
OLD,steady,6,1,steady_r6_s1,LARGE_COLOCATED,272.3,1634,720,0.4406,0.04384872762406348,0.06201088920235634,0.06890949562191963,0.23014466762542268,0.04102517571300268,0.055663412770414665,0.1786341190338135,0.03723793677851647,1.3139078259468018,10.188169550895699
OLD,steady,6,1,steady_r6_s1,LARGE_SEPARATED,272.3,950,515,0.5421,0.03682924641503228,0.06238992794834334,0.09478802323341372,0.21065664291381836,0.02692585562666257,0.047597811526401905,0.11990689992904664,0.03266964976986249,2.732815599441528,8.595746750831603
OLD,steady,6,2,steady_r6_s2,LARGE_COLOCATED,31.6,185,58,0.3135,0.04936955956851735,0.05695503056049347,0.07615651190280912,0.25775146484375,0.05682404339313507,0.06879916042089462,0.2672677803039551,0.04109524190425873,12.66653580665591,24.453189926147456
OLD,steady,6,2,steady_r6_s2,LARGE_SEPARATED,31.6,2337,1654,0.7077,0.03355489671230316,0.05085248571599841,0.06266698956489564,0.16731572151184082,0.028903916478157043,0.03876707860786555,0.14259934425354004,0.030510482178431123,0.2790818691253657,6.120405750274631
OLD,steady,8,1,steady_r8_s1,LARGE_COLOCATED,159.6,1258,477,0.3792,0.046973554382012006,0.08857782185077667,0.15705896675586725,0.3061341309547424,0.04858157684063089,0.06739647782274655,0.22445324420928955,0.03800195250489296,10.45576795339585,27.79702070236206
OLD,steady,8,1,steady_r8_s1,LARGE_SEPARATED,159.6,2115,964,0.4558,0.020925058983266354,0.06782075772061943,0.1817077899277221,0.18554399490356446,0.04941219070334305,0.06102251418690499,0.22541468620300292,0.03634655475616455,0.604760193824768,11.943869423866282
OLD,steady,8,2,steady_r8_s2,LARGE_COLOCATED,61.6,507,166,0.3274,0.049169108271598816,0.07582782655954359,0.13423109263181668,0.3545959734916687,0.06929499047926102,0.10929010311762492,0.4414806365966797,0.04445391955475012,8.211439299583434,19.643802690505982
OLD,steady,8,2,steady_r8_s2,LARGE_SEPARATED,61.6,2811,1833,0.6521,0.03420393541455269,0.05610658309145415,0.09689486531274721,0.1882827758789062,0.034434367175125956,0.04811055560906729,0.18588343620300293,0.03233537326256434,0.3379024267196655,8.387217736244246
OLD,steady,10,1,steady_r10_s1,LARGE_COLOCATED,114.5,1151,429,0.3727,0.05808920796229461,0.1998038403689862,0.36670808359980583,0.4584273624420166,0.048752816141201416,0.09222303330898285,0.26881474018096924,0.04087815061211586,18.813689708709717,29.590308666229248
OLD,steady,10,1,steady_r10_s1,LARGE_SEPARATED,114.5,2987,1407,0.471,0.041586145758628845,0.07704592400238293,0.15792041242122487,0.30805641174316406,0.03318967475547447,0.05752217024564743,0.17509651660919323,0.03481543995440006,3.1629635810852004,18.12401339530941
OLD,steady,10,2,steady_r10_s2,LARGE_SEPARATED,0,4181,2010,0.4807,0.0364850813008291,0.05692184434699727,0.07154957403739294,0.20106100559234621,0.03916760602751012,0.051806975318037934,0.22540044784545898,0.034582221809821796,0.2504606246948242,2.083218526840208
NEW,steady,8,1,steady_r8_s1,LARGE_COLOCATED,326.2,2406,980,0.4073,0.06406601953009763,0.467204997241497,0.7813034463354526,0.37502145767211914,0.05913441080442616,0.1127235217870538,0.4382446813583374,0.03872960919364431,156.80868870019913,174.63617950677866
NEW,steady,8,1,steady_r8_s1,LARGE_SEPARATED,326.2,967,534,0.5522,0.032884584030225164,0.1042854647551266,0.22681816464872392,0.2761923146247864,0.038307534323798284,0.05517688877880573,0.1788293075561523,0.033057303655715214,5.766404318809511,15.330180387496958
NEW,steady,8,2,steady_r8_s2,LARGE_SEPARATED,0,3320,2371,0.7142,0.03345252573490143,0.05177130525810873,0.06604066938161851,0.17583893299102782,0.034127473574260186,0.04737607104813352,0.1732921886444068,0.031865844813485936,0.2520785450935365,4.264607727527598
NEW,steady,10,1,steady_r10_s1,LARGE_COLOCATED,218.8,2051,749,0.3652,0.05416127532924438,0.13762574542507675,0.28582456842065,0.4309530258178711,0.045691396288303515,0.07392950241440621,0.2338886332511902,0.04270757001543802,13.741337060928345,28.07441759109497
NEW,steady,10,1,steady_r10_s1,LARGE_SEPARATED,218.8,2087,906,0.4341,0.0445544458925724,0.10626771421659555,0.326312276124954,0.40824148178100583,0.035678281944347634,0.06056742392302976,0.21782803535461426,0.03573448956012726,6.781324648857151,36.80148940563197
NEW,steady,10,2,steady_r10_s2,LARGE_SEPARATED,0,4179,2282,0.5461,0.03489579322437445,0.05664556182956672,0.0713432063907385,0.19832083702087402,0.03931154093394677,0.0505531821639166,0.2258244013786316,0.03350089676678181,0.2559186458587646,0.6833431529999033
