experiment,arm,workload,rate,seed,path,exists,size_bytes,size_mb,classification,verification_status,trace_sha,runtime_hash,note
tau,prism-T0,steady,8,3,exp/results/4het-tau-final/raw/prism-T0/steady/rate_8/seed_3,True,43067664,41.1,AUTHORITATIVE_FINAL,PASS,492d79a4a2f34cccb78dfb5cc7428efa1b82ce20b56a8f83ca8111ecfaab1790,49f47ebd7c75aecd,counted in final statistics
tau,prism-T0,steady,8,4,exp/results/4het-tau-final/raw/prism-T0/steady/rate_8/seed_4,True,41254246,39.3,AUTHORITATIVE_FINAL,PASS,cbfb24e42d0b2fde25151322bec013ffbfe659bb4efb18028bf14c66ad975cef,49f47ebd7c75aecd,counted in final statistics
tau,prism-T0,steady,10,3,exp/results/4het-tau-final/raw/prism-T0/steady/rate_10/seed_3,True,52723384,50.3,AUTHORITATIVE_FINAL,PASS,c6939afccd79409cef0d609c3e3817c30743c64e1b7596617cef5740d1223988,49f47ebd7c75aecd,counted in final statistics
tau,prism-T0,steady,10,4,exp/results/4het-tau-final/raw/prism-T0/steady/rate_10/seed_4,True,52433385,50.0,AUTHORITATIVE_FINAL,PASS,66fe74fb51c61215045f358db20c59db361fbdb8179df8118c96ab4e6be71376,49f47ebd7c75aecd,counted in final statistics
tau,prism-T0,bursty,8,3,exp/results/4het-tau-final/raw/prism-T0/bursty/rate_8/seed_3,True,42999362,41.0,AUTHORITATIVE_FINAL,PASS,60be4c9d12767865c20223b1b1b717ab6225b2b7d3befe400f9c4f23b659cade,49f47ebd7c75aecd,counted in final statistics
tau,prism-T0,bursty,8,4,exp/results/4het-tau-final/raw/prism-T0/bursty/rate_8/seed_4,True,41057382,39.2,AUTHORITATIVE_FINAL,PASS,a000cf22307e017a2f11d43d3eae33275f26bbcf6292b5f2b808a0808335a699,49f47ebd7c75aecd,counted in final statistics
tau,prism-T0,bursty,10,3,exp/results/4het-tau-final/raw/prism-T0/bursty/rate_10/seed_3,True,52883426,50.4,AUTHORITATIVE_FINAL,PASS,e7afd7e09bac67809ac6ab6dd1fc732c631f90bbc2ba9945d135adf90370b8b0,49f47ebd7c75aecd,counted in final statistics
tau,prism-T0,bursty,10,4,exp/results/4het-tau-final/raw/prism-T0/bursty/rate_10/seed_4,True,52458971,50.0,AUTHORITATIVE_FINAL,PASS,c913720ee52bb33408ca6e9da5e414d1904922114ce88d3d223a729ded62f220,49f47ebd7c75aecd,counted in final statistics
tau,prism-T1,steady,8,3,exp/results/4het-tau-final/raw/prism-T1/steady/rate_8/seed_3,True,42902952,40.9,AUTHORITATIVE_FINAL,PASS,492d79a4a2f34cccb78dfb5cc7428efa1b82ce20b56a8f83ca8111ecfaab1790,49f47ebd7c75aecd,counted in final statistics
tau,prism-T1,steady,8,4,exp/results/4het-tau-final/raw/prism-T1/steady/rate_8/seed_4,True,41267132,39.4,AUTHORITATIVE_FINAL,PASS,cbfb24e42d0b2fde25151322bec013ffbfe659bb4efb18028bf14c66ad975cef,49f47ebd7c75aecd,counted in final statistics
tau,prism-T1,steady,10,3,exp/results/4het-tau-final/raw/prism-T1/steady/rate_10/seed_3,True,52744699,50.3,AUTHORITATIVE_FINAL,PASS,c6939afccd79409cef0d609c3e3817c30743c64e1b7596617cef5740d1223988,49f47ebd7c75aecd,counted in final statistics
tau,prism-T1,steady,10,4,exp/results/4het-tau-final/raw/prism-T1/steady/rate_10/seed_4,True,52453710,50.0,AUTHORITATIVE_FINAL,PASS,66fe74fb51c61215045f358db20c59db361fbdb8179df8118c96ab4e6be71376,49f47ebd7c75aecd,counted in final statistics
tau,prism-T1,bursty,8,3,exp/results/4het-tau-final/raw/prism-T1/bursty/rate_8/seed_3,True,42931924,40.9,AUTHORITATIVE_FINAL,PASS,60be4c9d12767865c20223b1b1b717ab6225b2b7d3befe400f9c4f23b659cade,49f47ebd7c75aecd,counted in final statistics
tau,prism-T1,bursty,8,4,exp/results/4het-tau-final/raw/prism-T1/bursty/rate_8/seed_4,True,41066403,39.2,AUTHORITATIVE_FINAL,PASS,a000cf22307e017a2f11d43d3eae33275f26bbcf6292b5f2b808a0808335a699,49f47ebd7c75aecd,counted in final statistics
tau,prism-T1,bursty,10,3,exp/results/4het-tau-final/raw/prism-T1/bursty/rate_10/seed_3,True,52882954,50.4,AUTHORITATIVE_FINAL,PASS,e7afd7e09bac67809ac6ab6dd1fc732c631f90bbc2ba9945d135adf90370b8b0,49f47ebd7c75aecd,counted in final statistics
tau,prism-T1,bursty,10,4,exp/results/4het-tau-final/raw/prism-T1/bursty/rate_10/seed_4,True,52451832,50.0,AUTHORITATIVE_FINAL,PASS,c913720ee52bb33408ca6e9da5e414d1904922114ce88d3d223a729ded62f220,49f47ebd7c75aecd,counted in final statistics
tau,prism-T2,steady,8,3,exp/results/4het-tau-final/raw/prism-T2/steady/rate_8/seed_3,True,42907394,40.9,AUTHORITATIVE_FINAL,PASS,492d79a4a2f34cccb78dfb5cc7428efa1b82ce20b56a8f83ca8111ecfaab1790,49f47ebd7c75aecd,counted in final statistics
tau,prism-T2,steady,8,4,exp/results/4het-tau-final/raw/prism-T2/steady/rate_8/seed_4,True,41318378,39.4,AUTHORITATIVE_FINAL,PASS,cbfb24e42d0b2fde25151322bec013ffbfe659bb4efb18028bf14c66ad975cef,49f47ebd7c75aecd,counted in final statistics
tau,prism-T2,steady,10,3,exp/results/4het-tau-final/raw/prism-T2/steady/rate_10/seed_3,True,52596849,50.2,AUTHORITATIVE_FINAL,PASS,c6939afccd79409cef0d609c3e3817c30743c64e1b7596617cef5740d1223988,49f47ebd7c75aecd,counted in final statistics
tau,prism-T2,steady,10,4,exp/results/4het-tau-final/raw/prism-T2/steady/rate_10/seed_4,True,52418345,50.0,AUTHORITATIVE_FINAL,PASS,66fe74fb51c61215045f358db20c59db361fbdb8179df8118c96ab4e6be71376,49f47ebd7c75aecd,counted in final statistics
tau,prism-T2,bursty,8,3,exp/results/4het-tau-final/raw/prism-T2/bursty/rate_8/seed_3,True,42953408,41.0,AUTHORITATIVE_FINAL,PASS,60be4c9d12767865c20223b1b1b717ab6225b2b7d3befe400f9c4f23b659cade,49f47ebd7c75aecd,counted in final statistics
tau,prism-T2,bursty,8,4,exp/results/4het-tau-final/raw/prism-T2/bursty/rate_8/seed_4,True,41007090,39.1,AUTHORITATIVE_FINAL,PASS,a000cf22307e017a2f11d43d3eae33275f26bbcf6292b5f2b808a0808335a699,49f47ebd7c75aecd,counted in final statistics
tau,prism-T2,bursty,10,3,exp/results/4het-tau-final/raw/prism-T2/bursty/rate_10/seed_3,True,52838441,50.4,AUTHORITATIVE_FINAL,PASS,e7afd7e09bac67809ac6ab6dd1fc732c631f90bbc2ba9945d135adf90370b8b0,49f47ebd7c75aecd,counted in final statistics
tau,prism-T2,bursty,10,4,exp/results/4het-tau-final/raw/prism-T2/bursty/rate_10/seed_4,True,52346302,49.9,AUTHORITATIVE_FINAL,PASS,c913720ee52bb33408ca6e9da5e414d1904922114ce88d3d223a729ded62f220,49f47ebd7c75aecd,counted in final statistics
tau,prism-T3,steady,8,3,exp/results/4het-tau-final/raw/prism-T3/steady/rate_8/seed_3,True,42939828,41.0,AUTHORITATIVE_FINAL,PASS,492d79a4a2f34cccb78dfb5cc7428efa1b82ce20b56a8f83ca8111ecfaab1790,49f47ebd7c75aecd,counted in final statistics
tau,prism-T3,steady,8,4,exp/results/4het-tau-final/raw/prism-T3/steady/rate_8/seed_4,True,41378296,39.5,AUTHORITATIVE_FINAL,PASS,cbfb24e42d0b2fde25151322bec013ffbfe659bb4efb18028bf14c66ad975cef,49f47ebd7c75aecd,counted in final statistics
tau,prism-T3,steady,10,3,exp/results/4het-tau-final/raw/prism-T3/steady/rate_10/seed_3,True,52592341,50.2,AUTHORITATIVE_FINAL,PASS,c6939afccd79409cef0d609c3e3817c30743c64e1b7596617cef5740d1223988,49f47ebd7c75aecd,counted in final statistics
tau,prism-T3,steady,10,4,exp/results/4het-tau-final/raw/prism-T3/steady/rate_10/seed_4,True,52497467,50.1,AUTHORITATIVE_FINAL,PASS,66fe74fb51c61215045f358db20c59db361fbdb8179df8118c96ab4e6be71376,49f47ebd7c75aecd,counted in final statistics
tau,prism-T3,bursty,8,3,exp/results/4het-tau-final/raw/prism-T3/bursty/rate_8/seed_3,True,42857828,40.9,AUTHORITATIVE_FINAL,PASS,60be4c9d12767865c20223b1b1b717ab6225b2b7d3befe400f9c4f23b659cade,49f47ebd7c75aecd,counted in final statistics
tau,prism-T3,bursty,8,4,exp/results/4het-tau-final/raw/prism-T3/bursty/rate_8/seed_4,True,41072834,39.2,AUTHORITATIVE_FINAL,PASS,a000cf22307e017a2f11d43d3eae33275f26bbcf6292b5f2b808a0808335a699,49f47ebd7c75aecd,counted in final statistics
tau,prism-T3,bursty,10,3,exp/results/4het-tau-final/raw/prism-T3/bursty/rate_10/seed_3,True,52715429,50.3,AUTHORITATIVE_FINAL,PASS,e7afd7e09bac67809ac6ab6dd1fc732c631f90bbc2ba9945d135adf90370b8b0,49f47ebd7c75aecd,counted in final statistics
tau,prism-T3,bursty,10,4,exp/results/4het-tau-final/raw/prism-T3/bursty/rate_10/seed_4,True,52195526,49.8,AUTHORITATIVE_FINAL,PASS,c913720ee52bb33408ca6e9da5e414d1904922114ce88d3d223a729ded62f220,49f47ebd7c75aecd,counted in final statistics
tau,prism-T4,steady,8,3,exp/results/4het-tau-final/raw/prism-T4/steady/rate_8/seed_3,True,43294602,41.3,AUTHORITATIVE_FINAL,PASS,492d79a4a2f34cccb78dfb5cc7428efa1b82ce20b56a8f83ca8111ecfaab1790,49f47ebd7c75aecd,counted in final statistics
tau,prism-T4,steady,8,4,exp/results/4het-tau-final/raw/prism-T4/steady/rate_8/seed_4,True,41353753,39.4,AUTHORITATIVE_FINAL,PASS,cbfb24e42d0b2fde25151322bec013ffbfe659bb4efb18028bf14c66ad975cef,49f47ebd7c75aecd,counted in final statistics
tau,prism-T4,steady,10,3,exp/results/4het-tau-final/raw/prism-T4/steady/rate_10/seed_3,True,52614303,50.2,AUTHORITATIVE_FINAL,PASS,c6939afccd79409cef0d609c3e3817c30743c64e1b7596617cef5740d1223988,49f47ebd7c75aecd,counted in final statistics
tau,prism-T4,steady,10,4,exp/results/4het-tau-final/raw/prism-T4/steady/rate_10/seed_4,True,52573017,50.1,AUTHORITATIVE_FINAL,PASS,66fe74fb51c61215045f358db20c59db361fbdb8179df8118c96ab4e6be71376,49f47ebd7c75aecd,counted in final statistics
tau,prism-T4,bursty,8,3,exp/results/4het-tau-final/raw/prism-T4/bursty/rate_8/seed_3,True,42751707,40.8,AUTHORITATIVE_FINAL,PASS,60be4c9d12767865c20223b1b1b717ab6225b2b7d3befe400f9c4f23b659cade,49f47ebd7c75aecd,counted in final statistics
tau,prism-T4,bursty,8,4,exp/results/4het-tau-final/raw/prism-T4/bursty/rate_8/seed_4,True,40906005,39.0,AUTHORITATIVE_FINAL,PASS,a000cf22307e017a2f11d43d3eae33275f26bbcf6292b5f2b808a0808335a699,49f47ebd7c75aecd,counted in final statistics
tau,prism-T4,bursty,10,3,exp/results/4het-tau-final/raw/prism-T4/bursty/rate_10/seed_3,True,52647187,50.2,AUTHORITATIVE_FINAL,PASS,e7afd7e09bac67809ac6ab6dd1fc732c631f90bbc2ba9945d135adf90370b8b0,49f47ebd7c75aecd,counted in final statistics
tau,prism-T4,bursty,10,4,exp/results/4het-tau-final/raw/prism-T4/bursty/rate_10/seed_4,True,52273527,49.9,AUTHORITATIVE_FINAL,PASS,c913720ee52bb33408ca6e9da5e414d1904922114ce88d3d223a729ded62f220,49f47ebd7c75aecd,counted in final statistics
tau,prism-T5,steady,8,3,exp/results/4het-tau-final/raw/prism-T5/steady/rate_8/seed_3,True,42896934,40.9,AUTHORITATIVE_FINAL,PASS,492d79a4a2f34cccb78dfb5cc7428efa1b82ce20b56a8f83ca8111ecfaab1790,49f47ebd7c75aecd,counted in final statistics
tau,prism-T5,steady,8,4,exp/results/4het-tau-final/raw/prism-T5/steady/rate_8/seed_4,True,41315115,39.4,AUTHORITATIVE_FINAL,PASS,cbfb24e42d0b2fde25151322bec013ffbfe659bb4efb18028bf14c66ad975cef,49f47ebd7c75aecd,counted in final statistics
tau,prism-T5,steady,10,3,exp/results/4het-tau-final/raw/prism-T5/steady/rate_10/seed_3,True,52576856,50.1,AUTHORITATIVE_FINAL,PASS,c6939afccd79409cef0d609c3e3817c30743c64e1b7596617cef5740d1223988,49f47ebd7c75aecd,counted in final statistics
tau,prism-T5,steady,10,4,exp/results/4het-tau-final/raw/prism-T5/steady/rate_10/seed_4,True,52415410,50.0,AUTHORITATIVE_FINAL,PASS,66fe74fb51c61215045f358db20c59db361fbdb8179df8118c96ab4e6be71376,49f47ebd7c75aecd,counted in final statistics
tau,prism-T5,bursty,8,3,exp/results/4het-tau-final/raw/prism-T5/bursty/rate_8/seed_3,True,42649542,40.7,AUTHORITATIVE_FINAL,PASS,60be4c9d12767865c20223b1b1b717ab6225b2b7d3befe400f9c4f23b659cade,49f47ebd7c75aecd,counted in final statistics
tau,prism-T5,bursty,8,4,exp/results/4het-tau-final/raw/prism-T5/bursty/rate_8/seed_4,True,40927284,39.0,AUTHORITATIVE_FINAL,PASS,a000cf22307e017a2f11d43d3eae33275f26bbcf6292b5f2b808a0808335a699,49f47ebd7c75aecd,counted in final statistics
tau,prism-T5,bursty,10,3,exp/results/4het-tau-final/raw/prism-T5/bursty/rate_10/seed_3,True,52287966,49.9,AUTHORITATIVE_FINAL,PASS,e7afd7e09bac67809ac6ab6dd1fc732c631f90bbc2ba9945d135adf90370b8b0,49f47ebd7c75aecd,counted in final statistics
tau,prism-T5,bursty,10,4,exp/results/4het-tau-final/raw/prism-T5/bursty/rate_10/seed_4,True,51935373,49.5,AUTHORITATIVE_FINAL,PASS,c913720ee52bb33408ca6e9da5e414d1904922114ce88d3d223a729ded62f220,49f47ebd7c75aecd,counted in final statistics
many_model,prototype,bursty,2,7,exp/results/many-model-final/raw/prototype/bursty/rate_2/seed_7,True,13337880,12.7,AUTHORITATIVE_FINAL,PASS,29754202a3e35afa21f6a3624254d41d9492f5d789931100c25d01aa7af5fc0e,49f47ebd7c75aecd,counted in final statistics
many_model,prototype,bursty,2,8,exp/results/many-model-final/raw/prototype/bursty/rate_2/seed_8,True,13837574,13.2,AUTHORITATIVE_FINAL,PASS,186fb2c07b22958096d6ddaad501d4a829a0a49297bb66dceb3a731ea49d8f20,49f47ebd7c75aecd,counted in final statistics
many_model,prototype,bursty,4,7,exp/results/many-model-final/raw/prototype/bursty/rate_4/seed_7,True,24998623,23.8,AUTHORITATIVE_FINAL,PASS,712a1f1dc04fa7a6a108f3dfc5f0d16138c9f7400d6c5b34e77b0f124b984512,49f47ebd7c75aecd,counted in final statistics
many_model,prototype,bursty,4,8,exp/results/many-model-final/raw/prototype/bursty/rate_4/seed_8,True,25526978,24.3,AUTHORITATIVE_FINAL,PASS,b80795b59a75cb8cf9c12a833c710f291b797a0780323c9fe9e17f9d34be07bd,49f47ebd7c75aecd,counted in final statistics
many_model,prototype,bursty,6,7,exp/results/many-model-final/raw/prototype/bursty/rate_6/seed_7,True,35784537,34.1,AUTHORITATIVE_FINAL,PASS,14454c567878afb689ccc4ca9c5bcdea05475146cbf639726600953771c3e415,49f47ebd7c75aecd,counted in final statistics
many_model,prototype,bursty,6,8,exp/results/many-model-final/raw/prototype/bursty/rate_6/seed_8,True,36143564,34.5,AUTHORITATIVE_FINAL,PASS,1a2461795fae5453292400f2febd5846d9dd5b474031b7c81c8eb77dbf74c9d0,49f47ebd7c75aecd,counted in final statistics
many_model,prototype,bursty,8,7,exp/results/many-model-final/raw/prototype/bursty/rate_8/seed_7,True,46470006,44.3,AUTHORITATIVE_FINAL,PASS,a734fd700713eb509361820ad177d2e565fb3016746269e94ea3a1d9311c230a,49f47ebd7c75aecd,counted in final statistics
many_model,prototype,bursty,8,8,exp/results/many-model-final/raw/prototype/bursty/rate_8/seed_8,True,47397815,45.2,AUTHORITATIVE_FINAL,PASS,d902cb7cda27a940005a71d9a8f792214f78766f44c50ea00e0096f7603042e5,49f47ebd7c75aecd,counted in final statistics
many_model,prototype,bursty,10,7,exp/results/many-model-final/raw/prototype/bursty/rate_10/seed_7,True,56447173,53.8,AUTHORITATIVE_FINAL,PASS,b6b540a4fdd129fb9529c2693aaf465c08f3fcb347409e098686c9fd82c36c46,49f47ebd7c75aecd,counted in final statistics
many_model,prototype,bursty,10,8,exp/results/many-model-final/raw/prototype/bursty/rate_10/seed_8,True,57071461,54.4,AUTHORITATIVE_FINAL,PASS,c76d4cda6d50b5cdf7e96da37ca5294b035a55b938db4c669750c95aad338b04,49f47ebd7c75aecd,counted in final statistics
many_model,prism,bursty,2,7,exp/results/many-model-final/raw/prism/bursty/rate_2/seed_7,True,15478144,14.8,AUTHORITATIVE_FINAL,PASS,29754202a3e35afa21f6a3624254d41d9492f5d789931100c25d01aa7af5fc0e,49f47ebd7c75aecd,counted in final statistics
many_model,prism,bursty,2,8,exp/results/many-model-final/raw/prism/bursty/rate_2/seed_8,True,15956351,15.2,AUTHORITATIVE_FINAL,PASS,186fb2c07b22958096d6ddaad501d4a829a0a49297bb66dceb3a731ea49d8f20,49f47ebd7c75aecd,counted in final statistics
many_model,prism,bursty,4,7,exp/results/many-model-final/raw/prism/bursty/rate_4/seed_7,True,28819465,27.5,AUTHORITATIVE_FINAL,PASS,712a1f1dc04fa7a6a108f3dfc5f0d16138c9f7400d6c5b34e77b0f124b984512,49f47ebd7c75aecd,counted in final statistics
many_model,prism,bursty,4,8,exp/results/many-model-final/raw/prism/bursty/rate_4/seed_8,True,29326883,28.0,AUTHORITATIVE_FINAL,PASS,b80795b59a75cb8cf9c12a833c710f291b797a0780323c9fe9e17f9d34be07bd,49f47ebd7c75aecd,counted in final statistics
many_model,prism,bursty,6,7,exp/results/many-model-final/raw/prism/bursty/rate_6/seed_7,True,41179712,39.3,AUTHORITATIVE_FINAL,PASS,14454c567878afb689ccc4ca9c5bcdea05475146cbf639726600953771c3e415,49f47ebd7c75aecd,counted in final statistics
many_model,prism,bursty,6,8,exp/results/many-model-final/raw/prism/bursty/rate_6/seed_8,True,41624827,39.7,AUTHORITATIVE_FINAL,PASS,1a2461795fae5453292400f2febd5846d9dd5b474031b7c81c8eb77dbf74c9d0,49f47ebd7c75aecd,counted in final statistics
many_model,prism,bursty,8,7,exp/results/many-model-final/raw/prism/bursty/rate_8/seed_7,True,53462546,51.0,AUTHORITATIVE_FINAL,PASS,a734fd700713eb509361820ad177d2e565fb3016746269e94ea3a1d9311c230a,49f47ebd7c75aecd,counted in final statistics
many_model,prism,bursty,8,8,exp/results/many-model-final/raw/prism/bursty/rate_8/seed_8,True,54585649,52.1,AUTHORITATIVE_FINAL,PASS,d902cb7cda27a940005a71d9a8f792214f78766f44c50ea00e0096f7603042e5,49f47ebd7c75aecd,counted in final statistics
many_model,prism,bursty,10,7,exp/results/many-model-final/raw/prism/bursty/rate_10/seed_7,True,64990219,62.0,AUTHORITATIVE_FINAL,PASS,b6b540a4fdd129fb9529c2693aaf465c08f3fcb347409e098686c9fd82c36c46,49f47ebd7c75aecd,counted in final statistics
many_model,prism,bursty,10,8,exp/results/many-model-final/raw/prism/bursty/rate_10/seed_8,True,65825100,62.8,AUTHORITATIVE_FINAL,PASS,c76d4cda6d50b5cdf7e96da37ca5294b035a55b938db4c669750c95aad338b04,49f47ebd7c75aecd,counted in final statistics
final_4het,prototype,steady,2,5,exp/results/4het-final/raw/prototype/steady/rate_2/seed_5,True,10547964,10.1,AUTHORITATIVE_FINAL,PASS,5bb86c5b152793036525b1d988824637eabd74b39562c629acc82a1ac46bcf7a,49f47ebd7c75aecd,counted in final statistics
final_4het,prototype,steady,2,6,exp/results/4het-final/raw/prototype/steady/rate_2/seed_6,True,10222450,9.7,AUTHORITATIVE_FINAL,PASS,b27f01d234dc51324e8531f5c68290a831678c4f74262880107cc74de8b067c1,49f47ebd7c75aecd,counted in final statistics
final_4het,prototype,steady,4,5,exp/results/4het-final/raw/prototype/steady/rate_4/seed_5,True,19613559,18.7,AUTHORITATIVE_FINAL,PASS,5f812af7142083e3b515da69c3f3bc100e54bd10970db16f42ec89eb0b42b36c,49f47ebd7c75aecd,counted in final statistics
final_4het,prototype,steady,4,6,exp/results/4het-final/raw/prototype/steady/rate_4/seed_6,True,19308878,18.4,AUTHORITATIVE_FINAL,PASS,e8e378c22d99fb0a3b8de0013dc49ff3d1816a5244a3ae5e62e64c47d919a385,49f47ebd7c75aecd,counted in final statistics
final_4het,prototype,steady,6,5,exp/results/4het-final/raw/prototype/steady/rate_6/seed_5,True,28716109,27.4,AUTHORITATIVE_FINAL,PASS,a46e81e2ff24f3183e4f7d5af000a1395b7c20bf823b8b8f696d729d94f0c284,49f47ebd7c75aecd,counted in final statistics
final_4het,prototype,steady,6,6,exp/results/4het-final/raw/prototype/steady/rate_6/seed_6,True,27682669,26.4,AUTHORITATIVE_FINAL,PASS,8141f1258cb4cb217f0e7b6fa67b8c9759a04925d4f9e0d40ff2d9f602268d36,49f47ebd7c75aecd,counted in final statistics
final_4het,prototype,steady,8,5,exp/results/4het-final/raw/prototype/steady/rate_8/seed_5,True,36343749,34.7,AUTHORITATIVE_FINAL,PASS,088ec6cd6a861d542d8067bc049d9d6cb83c1ff02318e2b53025e771a4aad2fc,49f47ebd7c75aecd,counted in final statistics
final_4het,prototype,steady,8,6,exp/results/4het-final/raw/prototype/steady/rate_8/seed_6,True,36267324,34.6,AUTHORITATIVE_FINAL,PASS,fa010c64cb6c0d5adb149f05dd33054f2b83348421eb63ac73e8d2b0e4afc587,49f47ebd7c75aecd,counted in final statistics
final_4het,prototype,steady,10,5,exp/results/4het-final/raw/prototype/steady/rate_10/seed_5,True,45264089,43.2,AUTHORITATIVE_FINAL,PASS,5b7e410178d742eabae4590e43f94c88cfb69afc7faf5270bccbbacdd6be4cb8,49f47ebd7c75aecd,counted in final statistics
final_4het,prototype,steady,10,6,exp/results/4het-final/raw/prototype/steady/rate_10/seed_6,True,44419911,42.4,AUTHORITATIVE_FINAL,PASS,c0aabe109d91b9cca620b918f97cdfab686f1916f8bac01a9765615aa8a104f6,49f47ebd7c75aecd,counted in final statistics
final_4het,prototype,bursty,2,5,exp/results/4het-final/raw/prototype/bursty/rate_2/seed_5,True,10391952,9.9,AUTHORITATIVE_FINAL,PASS,f396357c3a0a69d09c36258c0c6db668d3a82e17ed6e2d4fd04e1e8845dd1994,49f47ebd7c75aecd,counted in final statistics
final_4het,prototype,bursty,2,6,exp/results/4het-final/raw/prototype/bursty/rate_2/seed_6,True,10183554,9.7,AUTHORITATIVE_FINAL,PASS,bafec5fdb72398bca3b1f8a019f0f5db46a9e89d54b9331f1b007617ae9f01b6,49f47ebd7c75aecd,counted in final statistics
final_4het,prototype,bursty,4,5,exp/results/4het-final/raw/prototype/bursty/rate_4/seed_5,True,19541753,18.6,AUTHORITATIVE_FINAL,PASS,ad05f7a42188bfa48fde62e8e1208e62889ae86cff5b9fef7c5475ecbf43d427,49f47ebd7c75aecd,counted in final statistics
final_4het,prototype,bursty,4,6,exp/results/4het-final/raw/prototype/bursty/rate_4/seed_6,True,18989779,18.1,AUTHORITATIVE_FINAL,PASS,03cc5f6aafe7b807ee98f69e3db88c41140019b0b3be04e00ba4cc11c76b363b,49f47ebd7c75aecd,counted in final statistics
final_4het,prototype,bursty,6,5,exp/results/4het-final/raw/prototype/bursty/rate_6/seed_5,True,28536332,27.2,AUTHORITATIVE_FINAL,PASS,9d6e69f2e3a72b97600759ab21401fa080c947b0535df74692e3ae907c1a780e,49f47ebd7c75aecd,counted in final statistics
final_4het,prototype,bursty,6,6,exp/results/4het-final/raw/prototype/bursty/rate_6/seed_6,True,27268448,26.0,AUTHORITATIVE_FINAL,PASS,815ef9a9c5e8e594c51e66d0bfeac06cdc9289650a2e7b112ebeab1ff23f7025,49f47ebd7c75aecd,counted in final statistics
final_4het,prototype,bursty,8,5,exp/results/4het-final/raw/prototype/bursty/rate_8/seed_5,True,36156033,34.5,AUTHORITATIVE_FINAL,PASS,ceed399543f073e1eefa289390a4cc53c30c32776378b1ad01f1d9ecfa962daf,49f47ebd7c75aecd,counted in final statistics
final_4het,prototype,bursty,8,6,exp/results/4het-final/raw/prototype/bursty/rate_8/seed_6,True,36015005,34.3,AUTHORITATIVE_FINAL,PASS,920b083c23d01c25504ab6814c1d3bf8c8e14b846bc5cf19db4956146cdbaaf2,49f47ebd7c75aecd,counted in final statistics
final_4het,prototype,bursty,10,5,exp/results/4het-final/raw/prototype/bursty/rate_10/seed_5,True,44931455,42.8,AUTHORITATIVE_FINAL,PASS,8275f904a47748c7b28e82a8bbd97089c79c96a05f96ecc586f2a45dc0da68e5,49f47ebd7c75aecd,counted in final statistics
final_4het,prototype,bursty,10,6,exp/results/4het-final/raw/prototype/bursty/rate_10/seed_6,True,43841965,41.8,AUTHORITATIVE_FINAL,PASS,1dca1c3210ee0c1008aa4049092a2a3249f6002adda8749da11ef9c2e11c6b76,49f47ebd7c75aecd,counted in final statistics
final_4het,prism,steady,2,5,exp/results/4het-final/raw/prism/steady/rate_2/seed_5,True,12349739,11.8,AUTHORITATIVE_FINAL,PASS,5bb86c5b152793036525b1d988824637eabd74b39562c629acc82a1ac46bcf7a,49f47ebd7c75aecd,counted in final statistics
final_4het,prism,steady,2,6,exp/results/4het-final/raw/prism/steady/rate_2/seed_6,True,11969759,11.4,AUTHORITATIVE_FINAL,PASS,b27f01d234dc51324e8531f5c68290a831678c4f74262880107cc74de8b067c1,49f47ebd7c75aecd,counted in final statistics
final_4het,prism,steady,4,5,exp/results/4het-final/raw/prism/steady/rate_4/seed_5,True,22513451,21.5,AUTHORITATIVE_FINAL,PASS,5f812af7142083e3b515da69c3f3bc100e54bd10970db16f42ec89eb0b42b36c,49f47ebd7c75aecd,counted in final statistics
final_4het,prism,steady,4,6,exp/results/4het-final/raw/prism/steady/rate_4/seed_6,True,22216150,21.2,AUTHORITATIVE_FINAL,PASS,e8e378c22d99fb0a3b8de0013dc49ff3d1816a5244a3ae5e62e64c47d919a385,49f47ebd7c75aecd,counted in final statistics
final_4het,prism,steady,6,5,exp/results/4het-final/raw/prism/steady/rate_6/seed_5,True,33013192,31.5,AUTHORITATIVE_FINAL,PASS,a46e81e2ff24f3183e4f7d5af000a1395b7c20bf823b8b8f696d729d94f0c284,49f47ebd7c75aecd,counted in final statistics
final_4het,prism,steady,6,6,exp/results/4het-final/raw/prism/steady/rate_6/seed_6,True,31761751,30.3,AUTHORITATIVE_FINAL,PASS,8141f1258cb4cb217f0e7b6fa67b8c9759a04925d4f9e0d40ff2d9f602268d36,49f47ebd7c75aecd,counted in final statistics
final_4het,prism,steady,8,5,exp/results/4het-final/raw/prism/steady/rate_8/seed_5,True,41797038,39.9,AUTHORITATIVE_FINAL,PASS,088ec6cd6a861d542d8067bc049d9d6cb83c1ff02318e2b53025e771a4aad2fc,49f47ebd7c75aecd,counted in final statistics
final_4het,prism,steady,8,6,exp/results/4het-final/raw/prism/steady/rate_8/seed_6,True,41615337,39.7,AUTHORITATIVE_FINAL,PASS,fa010c64cb6c0d5adb149f05dd33054f2b83348421eb63ac73e8d2b0e4afc587,49f47ebd7c75aecd,counted in final statistics
final_4het,prism,steady,10,5,exp/results/4het-final/raw/prism/steady/rate_10/seed_5,True,52005996,49.6,AUTHORITATIVE_FINAL,PASS,5b7e410178d742eabae4590e43f94c88cfb69afc7faf5270bccbbacdd6be4cb8,49f47ebd7c75aecd,counted in final statistics
final_4het,prism,steady,10,6,exp/results/4het-final/raw/prism/steady/rate_10/seed_6,True,51059172,48.7,AUTHORITATIVE_FINAL,PASS,c0aabe109d91b9cca620b918f97cdfab686f1916f8bac01a9765615aa8a104f6,49f47ebd7c75aecd,counted in final statistics
final_4het,prism,bursty,2,5,exp/results/4het-final/raw/prism/bursty/rate_2/seed_5,True,12026318,11.5,AUTHORITATIVE_FINAL,PASS,f396357c3a0a69d09c36258c0c6db668d3a82e17ed6e2d4fd04e1e8845dd1994,49f47ebd7c75aecd,counted in final statistics
final_4het,prism,bursty,2,6,exp/results/4het-final/raw/prism/bursty/rate_2/seed_6,True,11759512,11.2,AUTHORITATIVE_FINAL,PASS,bafec5fdb72398bca3b1f8a019f0f5db46a9e89d54b9331f1b007617ae9f01b6,49f47ebd7c75aecd,counted in final statistics
final_4het,prism,bursty,4,5,exp/results/4het-final/raw/prism/bursty/rate_4/seed_5,True,22568380,21.5,AUTHORITATIVE_FINAL,PASS,ad05f7a42188bfa48fde62e8e1208e62889ae86cff5b9fef7c5475ecbf43d427,49f47ebd7c75aecd,counted in final statistics
final_4het,prism,bursty,4,6,exp/results/4het-final/raw/prism/bursty/rate_4/seed_6,True,22037399,21.0,AUTHORITATIVE_FINAL,PASS,03cc5f6aafe7b807ee98f69e3db88c41140019b0b3be04e00ba4cc11c76b363b,49f47ebd7c75aecd,counted in final statistics
final_4het,prism,bursty,6,5,exp/results/4het-final/raw/prism/bursty/rate_6/seed_5,True,32946214,31.4,AUTHORITATIVE_FINAL,PASS,9d6e69f2e3a72b97600759ab21401fa080c947b0535df74692e3ae907c1a780e,49f47ebd7c75aecd,counted in final statistics
final_4het,prism,bursty,6,6,exp/results/4het-final/raw/prism/bursty/rate_6/seed_6,True,31602264,30.1,AUTHORITATIVE_FINAL,PASS,815ef9a9c5e8e594c51e66d0bfeac06cdc9289650a2e7b112ebeab1ff23f7025,49f47ebd7c75aecd,counted in final statistics
final_4het,prism,bursty,8,5,exp/results/4het-final/raw/prism/bursty/rate_8/seed_5,True,41894423,40.0,AUTHORITATIVE_FINAL,PASS,ceed399543f073e1eefa289390a4cc53c30c32776378b1ad01f1d9ecfa962daf,49f47ebd7c75aecd,counted in final statistics
final_4het,prism,bursty,8,6,exp/results/4het-final/raw/prism/bursty/rate_8/seed_6,True,41556511,39.6,AUTHORITATIVE_FINAL,PASS,920b083c23d01c25504ab6814c1d3bf8c8e14b846bc5cf19db4956146cdbaaf2,49f47ebd7c75aecd,counted in final statistics
final_4het,prism,bursty,10,5,exp/results/4het-final/raw/prism/bursty/rate_10/seed_5,True,51724173,49.3,AUTHORITATIVE_FINAL,PASS,8275f904a47748c7b28e82a8bbd97089c79c96a05f96ecc586f2a45dc0da68e5,49f47ebd7c75aecd,counted in final statistics
final_4het,prism,bursty,10,6,exp/results/4het-final/raw/prism/bursty/rate_10/seed_6,True,50667695,48.3,AUTHORITATIVE_FINAL,PASS,1dca1c3210ee0c1008aa4049092a2a3249f6002adda8749da11ef9c2e11c6b76,49f47ebd7c75aecd,counted in final statistics
many_model_pilot,prototype,bursty,16,9,exp/results/many-model-pilot/raw/prototype/bursty/rate_16/seed_9,True,90387521,86.2,DIAGNOSTIC,n/a,,,"r16 seed9 pilot, gate only, never in final statistics"
many_model_pilot,prism,bursty,16,9,exp/results/many-model-pilot/raw/prism/bursty/rate_16/seed_9,True,105075022,100.2,DIAGNOSTIC,n/a,,,"r16 seed9 pilot, gate only, never in final statistics"
many_model,prototype,bursty,12,7,exp/results/many-model-final/raw/prototype/bursty/rate_12/seed_7,True,68171385,65.0,EXCLUDED_PROTOCOL_CHANGE,n/a,,,"VALID run, excluded when the rate grid was amended to [2,4,6,8,10]"
many_model,prototype,bursty,12,8,exp/results/many-model-final/raw/prototype/bursty/rate_12/seed_8.incomplete-aborted-by-protocol-amendment,True,14708602,14.0,EXCLUDED_PROTOCOL_CHANGE,n/a,,,"INCOMPLETE, in flight when the rate grid was amended"
tau_stageB,prism-T0,steady,8,3,exp/results/4het-tau-calibration/raw/prism-T0/steady/rate_8/seed_3.stall-attempt1,True,25567481,24.4,KNOWN_INVALID_PRESERVED,n/a,,,"migration lifecycle stall, 601.8s controller gap; the incident that motivated the containment fix"
tau,prism-T0,bursty,10,3,exp/results/4het-tau-final/raw/prism-T0/bursty/rate_10/seed_3.eaddrinuse-attempt1,True,175558,0.2,KNOWN_INVALID_PRESERVED,n/a,,,"nccl_port TOCTOU race, server never started; retried once"
tau,prism-T4,steady,8,3,exp/results/4het-tau-final/raw/prism-T4/steady/rate_8/seed_3.failed-attempt-20260825T184350Z,True,517914,0.5,KNOWN_INVALID_PRESERVED,n/a,,,"harness failure, retried once"
many_model,prism,bursty,8,7,exp/results/many-model-final/raw/prism/bursty/rate_8/seed_7.eaddrinuse-attempt1,True,212207,0.2,KNOWN_INVALID_PRESERVED,n/a,,,"nccl_port TOCTOU race, server never started; retried once"
window_cal,prism-w30,steady,8,3,exp/results/4het-window-calibration/raw/prism-w30/steady/rate_8/seed_3.inner-session-misnamed-attempt1,True,11048144,10.5,KNOWN_INVALID_PRESERVED,n/a,,,harness label defect: inner tmux session name; healthy server killed by its own watchdog
tau_stageB,prism-T0,steady,8,3,exp/results/4het-tau-calibration/raw/prism-T0/steady/rate_8/seed_3.pass-attempt2,True,43036046,41.0,KNOWN_INVALID_PRESERVED,n/a,,,"reproducibility rerun that PASSED, proving the stall non-reproducible"
containment_regression,,,,,exp/results/4het-containment-regression,True,85785087,81.8,REGRESSION_ONLY,n/a,,,2 E2E regressions confirming the lifecycle containment fix
4het_paired,,,,,exp/results/4het-paired,True,1206440755,1150.6,HISTORICAL,n/a,,,"original 4-HET paired evaluation, seeds 1/2"
window_cal,,,,,exp/results/4het-window-calibration,True,768925553,733.3,HISTORICAL,n/a,,,"30s vs 60s window study, seeds 3/4"
estimator,,,,,exp/results/4het-estimator-correction,True,187712917,179.0,HISTORICAL,n/a,,,estimator correction mechanism test
cooldown_diag,,,,,exp/results/4het-cooldown-diagnostic,True,191420283,182.6,HISTORICAL,n/a,,,cooldown ablation
tau_stageB,,,,,exp/results/4het-tau-calibration,True,68697493,65.5,HISTORICAL,n/a,,,Stage-B tau attempt halted by the lifecycle stall
